row_count,gb_char,utf_bytes,unicode_id,unknown
1601,啊,B0A1,554A,E5958A
1602,阿,B0A2,963F,E998BF
1603,埃,B0A3,57C3,E59F83
1604,挨,B0A4,6328,E68CA8
1605,哎,B0A5,54CE,E5938E
1606,唉,B0A6,5509,E59489
1607,哀,B0A7,54C0,E59380
1608,皑,B0A8,7691,E79A91
1609,癌,B0A9,764C,E7998C
1610,蔼,B0AA,853C,E894BC
1611,矮,B0AB,77EE,E79FAE
1612,艾,B0AC,827E,E889BE
1613,碍,B0AD,788D,E7A28D
1614,爱,B0AE,7231,E788B1
1615,隘,B0AF,9698,E99A98
1616,鞍,B0B0,978D,E99E8D
1617,氨,B0B1,6C28,E6B0A8
1618,安,B0B2,5B89,E5AE89
1619,俺,B0B3,4FFA,E4BFBA
1620,按,B0B4,6309,E68C89
1621,暗,B0B5,6697,E69A97
1622,岸,B0B6,5CB8,E5B2B8
1623,胺,B0B7,80FA,E883BA
1624,案,B0B8,6848,E6A188
1625,肮,B0B9,80AE,E882AE
1626,昂,B0BA,6602,E69882
1627,盎,B0BB,76CE,E79B8E
1628,凹,B0BC,51F9,E587B9
1629,敖,B0BD,6556,E69596
1630,熬,B0BE,71AC,E786AC
1631,翱,B0BF,7FF1,E7BFB1
1632,袄,B0C0,8884,E8A284
1633,傲,B0C1,50B2,E582B2
1634,奥,B0C2,5965,E5A5A5
1635,懊,B0C3,61CA,E6878A
1636,澳,B0C4,6FB3,E6BEB3
1637,芭,B0C5,82AD,E88AAD
1638,捌,B0C6,634C,E68D8C
1639,扒,B0C7,6252,E68992
1640,叭,B0C8,53ED,E58FAD
1641,吧,B0C9,5427,E590A7
1642,笆,B0CA,7B06,E7AC86
1643,八,B0CB,516B,E585AB
1644,疤,B0CC,75A4,E796A4
1645,巴,B0CD,5DF4,E5B7B4
1646,拔,B0CE,62D4,E68B94
1647,跋,B0CF,8DCB,E8B78B
1648,靶,B0D0,9776,E99DB6
1649,把,B0D1,628A,E68A8A
1650,耙,B0D2,8019,E88099
1651,坝,B0D3,575D,E59D9D
1652,霸,B0D4,9738,E99CB8
1653,罢,B0D5,7F62,E7BDA2
1654,爸,B0D6,7238,E788B8
1655,白,B0D7,767D,E799BD
1656,柏,B0D8,67CF,E69F8F
1657,百,B0D9,767E,E799BE
1658,摆,B0DA,6446,E69186
1659,佰,B0DB,4F70,E4BDB0
1660,败,B0DC,8D25,E8B4A5
1661,拜,B0DD,62DC,E68B9C
1662,稗,B0DE,7A17,E7A897
1663,斑,B0DF,6591,E69691
1664,班,B0E0,73ED,E78FAD
1665,搬,B0E1,642C,E690AC
1666,扳,B0E2,6273,E689B3
1667,般,B0E3,822C,E888AC
1668,颁,B0E4,9881,E9A281
1669,板,B0E5,677F,E69DBF
1670,版,B0E6,7248,E78988
1671,扮,B0E7,626E,E689AE
1672,拌,B0E8,62CC,E68B8C
1673,伴,B0E9,4F34,E4BCB4
1674,瓣,B0EA,74E3,E793A3
1675,半,B0EB,534A,E58D8A
1676,办,B0EC,529E,E58A9E
1677,绊,B0ED,7ECA,E7BB8A
1678,邦,B0EE,90A6,E982A6
1679,帮,B0EF,5E2E,E5B8AE
1680,梆,B0F0,6886,E6A286
1681,榜,B0F1,699C,E6A69C
1682,膀,B0F2,8180,E88680
1683,绑,B0F3,7ED1,E7BB91
1684,棒,B0F4,68D2,E6A392
1685,磅,B0F5,78C5,E7A385
1686,蚌,B0F6,868C,E89A8C
1687,镑,B0F7,9551,E99591
1688,傍,B0F8,508D,E5828D
1689,谤,B0F9,8C24,E8B0A4
1690,苞,B0FA,82DE,E88B9E
1691,胞,B0FB,80DE,E8839E
1692,包,B0FC,5305,E58C85
1693,褒,B0FD,8912,E8A492
1694,剥,B0FE,5265,E589A5
1701,薄,B1A1,8584,E89684
1702,雹,B1A2,96F9,E99BB9
1703,保,B1A3,4FDD,E4BF9D
1704,堡,B1A4,5821,E5A0A1
1705,饱,B1A5,9971,E9A5B1
1706,宝,B1A6,5B9D,E5AE9D
1707,抱,B1A7,62B1,E68AB1
1708,报,B1A8,62A5,E68AA5
1709,暴,B1A9,66B4,E69AB4
1710,豹,B1AA,8C79,E8B1B9
1711,鲍,B1AB,9C8D,E9B28D
1712,爆,B1AC,7206,E78886
1713,杯,B1AD,676F,E69DAF
1714,碑,B1AE,7891,E7A291
1715,悲,B1AF,60B2,E682B2
1716,卑,B1B0,5351,E58D91
1717,北,B1B1,5317,E58C97
1718,辈,B1B2,8F88,E8BE88
1719,背,B1B3,80CC,E8838C
1720,贝,B1B4,8D1D,E8B49D
1721,钡,B1B5,94A1,E992A1
1722,倍,B1B6,500D,E5808D
1723,狈,B1B7,72C8,E78B88
1724,备,B1B8,5907,E5A487
1725,惫,B1B9,60EB,E683AB
1726,焙,B1BA,7119,E78499
1727,被,B1BB,88AB,E8A2AB
1728,奔,B1BC,5954,E5A594
1729,苯,B1BD,82EF,E88BAF
1730,本,B1BE,672C,E69CAC
1731,笨,B1BF,7B28,E7ACA8
1732,崩,B1C0,5D29,E5B4A9
1733,绷,B1C1,7EF7,E7BBB7
1734,甭,B1C2,752D,E794AD
1735,泵,B1C3,6CF5,E6B3B5
1736,蹦,B1C4,8E66,E8B9A6
1737,迸,B1C5,8FF8,E8BFB8
1738,逼,B1C6,903C,E980BC
1739,鼻,B1C7,9F3B,E9BCBB
1740,比,B1C8,6BD4,E6AF94
1741,鄙,B1C9,9119,E98499
1742,笔,B1CA,7B14,E7AC94
1743,彼,B1CB,5F7C,E5BDBC
1744,碧,B1CC,78A7,E7A2A7
1745,蓖,B1CD,84D6,E89396
1746,蔽,B1CE,853D,E894BD
1747,毕,B1CF,6BD5,E6AF95
1748,毙,B1D0,6BD9,E6AF99
1749,毖,B1D1,6BD6,E6AF96
1750,币,B1D2,5E01,E5B881
1751,庇,B1D3,5E87,E5BA87
1752,痹,B1D4,75F9,E797B9
1753,闭,B1D5,95ED,E997AD
1754,敝,B1D6,655D,E6959D
1755,弊,B1D7,5F0A,E5BC8A
1756,必,B1D8,5FC5,E5BF85
1757,辟,B1D9,8F9F,E8BE9F
1758,壁,B1DA,58C1,E5A381
1759,臂,B1DB,81C2,E88782
1760,避,B1DC,907F,E981BF
1761,陛,B1DD,965B,E9999B
1762,鞭,B1DE,97AD,E99EAD
1763,边,B1DF,8FB9,E8BEB9
1764,编,B1E0,7F16,E7BC96
1765,贬,B1E1,8D2C,E8B4AC
1766,扁,B1E2,6241,E68981
1767,便,B1E3,4FBF,E4BEBF
1768,变,B1E4,53D8,E58F98
1769,卞,B1E5,535E,E58D9E
1770,辨,B1E6,8FA8,E8BEA8
1771,辩,B1E7,8FA9,E8BEA9
1772,辫,B1E8,8FAB,E8BEAB
1773,遍,B1E9,904D,E9818D
1774,标,B1EA,6807,E6A087
1775,彪,B1EB,5F6A,E5BDAA
1776,膘,B1EC,8198,E88698
1777,表,B1ED,8868,E8A1A8
1778,鳖,B1EE,9CD6,E9B396
1779,憋,B1EF,618B,E6868B
1780,别,B1F0,522B,E588AB
1781,瘪,B1F1,762A,E798AA
1782,彬,B1F2,5F6C,E5BDAC
1783,斌,B1F3,658C,E6968C
1784,濒,B1F4,6FD2,E6BF92
1785,滨,B1F5,6EE8,E6BBA8
1786,宾,B1F6,5BBE,E5AEBE
1787,摈,B1F7,6448,E69188
1788,兵,B1F8,5175,E585B5
1789,冰,B1F9,51B0,E586B0
1790,柄,B1FA,67C4,E69F84
1791,丙,B1FB,4E19,E4B899
1792,秉,B1FC,79C9,E7A789
1793,饼,B1FD,997C,E9A5BC
1794,炳,B1FE,70B3,E782B3
1801,病,B2A1,75C5,E79785
1802,并,B2A2,5E76,E5B9B6
1803,玻,B2A3,73BB,E78EBB
1804,菠,B2A4,83E0,E88FA0
1805,播,B2A5,64AD,E692AD
1806,拨,B2A6,62E8,E68BA8
1807,钵,B2A7,94B5,E992B5
1808,波,B2A8,6CE2,E6B3A2
1809,博,B2A9,535A,E58D9A
1810,勃,B2AA,52C3,E58B83
1811,搏,B2AB,640F,E6908F
1812,铂,B2AC,94C2,E99382
1813,箔,B2AD,7B94,E7AE94
1814,伯,B2AE,4F2F,E4BCAF
1815,帛,B2AF,5E1B,E5B89B
1816,舶,B2B0,8236,E888B6
1817,脖,B2B1,8116,E88496
1818,膊,B2B2,818A,E8868A
1819,渤,B2B3,6E24,E6B8A4
1820,泊,B2B4,6CCA,E6B38A
1821,驳,B2B5,9A73,E9A9B3
1822,捕,B2B6,6355,E68D95
1823,卜,B2B7,535C,E58D9C
1824,哺,B2B8,54FA,E593BA
1825,补,B2B9,8865,E8A1A5
1826,埠,B2BA,57E0,E59FA0
1827,不,B2BB,4E0D,E4B88D
1828,布,B2BC,5E03,E5B883
1829,步,B2BD,6B65,E6ADA5
1830,簿,B2BE,7C3F,E7B0BF
1831,部,B2BF,90E8,E983A8
1832,怖,B2C0,6016,E68096
1833,擦,B2C1,64E6,E693A6
1834,猜,B2C2,731C,E78C9C
1835,裁,B2C3,88C1,E8A381
1836,材,B2C4,6750,E69D90
1837,才,B2C5,624D,E6898D
1838,财,B2C6,8D22,E8B4A2
1839,睬,B2C7,776C,E79DAC
1840,踩,B2C8,8E29,E8B8A9
1841,采,B2C9,91C7,E98787
1842,彩,B2CA,5F69,E5BDA9
1843,菜,B2CB,83DC,E88F9C
1844,蔡,B2CC,8521,E894A1
1845,餐,B2CD,9910,E9A490
1846,参,B2CE,53C2,E58F82
1847,蚕,B2CF,8695,E89A95
1848,残,B2D0,6B8B,E6AE8B
1849,惭,B2D1,60ED,E683AD
1850,惨,B2D2,60E8,E683A8
1851,灿,B2D3,707F,E781BF
1852,苍,B2D4,82CD,E88B8D
1853,舱,B2D5,8231,E888B1
1854,仓,B2D6,4ED3,E4BB93
1855,沧,B2D7,6CA7,E6B2A7
1856,藏,B2D8,85CF,E8978F
1857,操,B2D9,64CD,E6938D
1858,糙,B2DA,7CD9,E7B399
1859,槽,B2DB,69FD,E6A7BD
1860,曹,B2DC,66F9,E69BB9
1861,草,B2DD,8349,E88D89
1862,厕,B2DE,5395,E58E95
1863,策,B2DF,7B56,E7AD96
1864,侧,B2E0,4FA7,E4BEA7
1865,册,B2E1,518C,E5868C
1866,测,B2E2,6D4B,E6B58B
1867,层,B2E3,5C42,E5B182
1868,蹭,B2E4,8E6D,E8B9AD
1869,插,B2E5,63D2,E68F92
1870,叉,B2E6,53C9,E58F89
1871,茬,B2E7,832C,E88CAC
1872,茶,B2E8,8336,E88CB6
1873,查,B2E9,67E5,E69FA5
1874,碴,B2EA,78B4,E7A2B4
1875,搽,B2EB,643D,E690BD
1876,察,B2EC,5BDF,E5AF9F
1877,岔,B2ED,5C94,E5B294
1878,差,B2EE,5DEE,E5B7AE
1879,诧,B2EF,8BE7,E8AFA7
1880,拆,B2F0,62C6,E68B86
1881,柴,B2F1,67F4,E69FB4
1882,豺,B2F2,8C7A,E8B1BA
1883,搀,B2F3,6400,E69080
1884,掺,B2F4,63BA,E68EBA
1885,蝉,B2F5,8749,E89D89
1886,馋,B2F6,998B,E9A68B
1887,谗,B2F7,8C17,E8B097
1888,缠,B2F8,7F20,E7BCA0
1889,铲,B2F9,94F2,E993B2
1890,产,B2FA,4EA7,E4BAA7
1891,阐,B2FB,9610,E99890
1892,颤,B2FC,98A4,E9A2A4
1893,昌,B2FD,660C,E6988C
1894,猖,B2FE,7316,E78C96
1901,场,B3A1,573A,E59CBA
1902,尝,B3A2,5C1D,E5B09D
1903,常,B3A3,5E38,E5B8B8
1904,长,B3A4,957F,E995BF
1905,偿,B3A5,507F,E581BF
1906,肠,B3A6,80A0,E882A0
1907,厂,B3A7,5382,E58E82
1908,敞,B3A8,655E,E6959E
1909,畅,B3A9,7545,E79585
1910,唱,B3AA,5531,E594B1
1911,倡,B3AB,5021,E580A1
1912,超,B3AC,8D85,E8B685
1913,抄,B3AD,6284,E68A84
1914,钞,B3AE,949E,E9929E
1915,朝,B3AF,671D,E69C9D
1916,嘲,B3B0,5632,E598B2
1917,潮,B3B1,6F6E,E6BDAE
1918,巢,B3B2,5DE2,E5B7A2
1919,吵,B3B3,5435,E590B5
1920,炒,B3B4,7092,E78292
1921,车,B3B5,8F66,E8BDA6
1922,扯,B3B6,626F,E689AF
1923,撤,B3B7,64A4,E692A4
1924,掣,B3B8,63A3,E68EA3
1925,彻,B3B9,5F7B,E5BDBB
1926,澈,B3BA,6F88,E6BE88
1927,郴,B3BB,90F4,E983B4
1928,臣,B3BC,81E3,E887A3
1929,辰,B3BD,8FB0,E8BEB0
1930,尘,B3BE,5C18,E5B098
1931,晨,B3BF,6668,E699A8
1932,忱,B3C0,5FF1,E5BFB1
1933,沉,B3C1,6C89,E6B289
1934,陈,B3C2,9648,E99988
1935,趁,B3C3,8D81,E8B681
1936,衬,B3C4,886C,E8A1AC
1937,撑,B3C5,6491,E69291
1938,称,B3C6,79F0,E7A7B0
1939,城,B3C7,57CE,E59F8E
1940,橙,B3C8,6A59,E6A999
1941,成,B3C9,6210,E68890
1942,呈,B3CA,5448,E59188
1943,乘,B3CB,4E58,E4B998
1944,程,B3CC,7A0B,E7A88B
1945,惩,B3CD,60E9,E683A9
1946,澄,B3CE,6F84,E6BE84
1947,诚,B3CF,8BDA,E8AF9A
1948,承,B3D0,627F,E689BF
1949,逞,B3D1,901E,E9809E
1950,骋,B3D2,9A8B,E9AA8B
1951,秤,B3D3,79E4,E7A7A4
1952,吃,B3D4,5403,E59083
1953,痴,B3D5,75F4,E797B4
1954,持,B3D6,6301,E68C81
1955,匙,B3D7,5319,E58C99
1956,池,B3D8,6C60,E6B1A0
1957,迟,B3D9,8FDF,E8BF9F
1958,弛,B3DA,5F1B,E5BC9B
1959,驰,B3DB,9A70,E9A9B0
1960,耻,B3DC,803B,E880BB
1961,齿,B3DD,9F7F,E9BDBF
1962,侈,B3DE,4F88,E4BE88
1963,尺,B3DF,5C3A,E5B0BA
1964,赤,B3E0,8D64,E8B5A4
1965,翅,B3E1,7FC5,E7BF85
1966,斥,B3E2,65A5,E696A5
1967,炽,B3E3,70BD,E782BD
1968,充,B3E4,5145,E58585
1969,冲,B3E5,51B2,E586B2
1970,虫,B3E6,866B,E899AB
1971,崇,B3E7,5D07,E5B487
1972,宠,B3E8,5BA0,E5AEA0
1973,抽,B3E9,62BD,E68ABD
1974,酬,B3EA,916C,E985AC
1975,畴,B3EB,7574,E795B4
1976,踌,B3EC,8E0C,E8B88C
1977,稠,B3ED,7A20,E7A8A0
1978,愁,B3EE,6101,E68481
1979,筹,B3EF,7B79,E7ADB9
1980,仇,B3F0,4EC7,E4BB87
1981,绸,B3F1,7EF8,E7BBB8
1982,瞅,B3F2,7785,E79E85
1983,丑,B3F3,4E11,E4B891
1984,臭,B3F4,81ED,E887AD
1985,初,B3F5,521D,E5889D
1986,出,B3F6,51FA,E587BA
1987,橱,B3F7,6A71,E6A9B1
1988,厨,B3F8,53A8,E58EA8
1989,躇,B3F9,8E87,E8BA87
1990,锄,B3FA,9504,E99484
1991,雏,B3FB,96CF,E99B8F
1992,滁,B3FC,6EC1,E6BB81
1993,除,B3FD,9664,E999A4
1994,楚,B3FE,695A,E6A59A
2001,础,B4A1,7840,E7A180
2002,储,B4A2,50A8,E582A8
2003,矗,B4A3,77D7,E79F97
2004,搐,B4A4,6410,E69090
2005,触,B4A5,89E6,E8A7A6
2006,处,B4A6,5904,E5A484
2007,揣,B4A7,63E3,E68FA3
2008,川,B4A8,5DDD,E5B79D
2009,穿,B4A9,7A7F,E7A9BF
2010,椽,B4AA,693D,E6A4BD
2011,传,B4AB,4F20,E4BCA0
2012,船,B4AC,8239,E888B9
2013,喘,B4AD,5598,E59698
2014,串,B4AE,4E32,E4B8B2
2015,疮,B4AF,75AE,E796AE
2016,窗,B4B0,7A97,E7AA97
2017,幢,B4B1,5E62,E5B9A2
2018,床,B4B2,5E8A,E5BA8A
2019,闯,B4B3,95EF,E997AF
2020,创,B4B4,521B,E5889B
2021,吹,B4B5,5439,E590B9
2022,炊,B4B6,708A,E7828A
2023,捶,B4B7,6376,E68DB6
2024,锤,B4B8,9524,E994A4
2025,垂,B4B9,5782,E59E82
2026,春,B4BA,6625,E698A5
2027,椿,B4BB,693F,E6A4BF
2028,醇,B4BC,9187,E98687
2029,唇,B4BD,5507,E59487
2030,淳,B4BE,6DF3,E6B7B3
2031,纯,B4BF,7EAF,E7BAAF
2032,蠢,B4C0,8822,E8A0A2
2033,戳,B4C1,6233,E688B3
2034,绰,B4C2,7EF0,E7BBB0
2035,疵,B4C3,75B5,E796B5
2036,茨,B4C4,8328,E88CA8
2037,磁,B4C5,78C1,E7A381
2038,雌,B4C6,96CC,E99B8C
2039,辞,B4C7,8F9E,E8BE9E
2040,慈,B4C8,6148,E68588
2041,瓷,B4C9,74F7,E793B7
2042,词,B4CA,8BCD,E8AF8D
2043,此,B4CB,6B64,E6ADA4
2044,刺,B4CC,523A,E588BA
2045,赐,B4CD,8D50,E8B590
2046,次,B4CE,6B21,E6ACA1
2047,聪,B4CF,806A,E881AA
2048,葱,B4D0,8471,E891B1
2049,囱,B4D1,56F1,E59BB1
2050,匆,B4D2,5306,E58C86
2051,从,B4D3,4ECE,E4BB8E
2052,丛,B4D4,4E1B,E4B89B
2053,凑,B4D5,51D1,E58791
2054,粗,B4D6,7C97,E7B297
2055,醋,B4D7,918B,E9868B
2056,簇,B4D8,7C07,E7B087
2057,促,B4D9,4FC3,E4BF83
2058,蹿,B4DA,8E7F,E8B9BF
2059,篡,B4DB,7BE1,E7AFA1
2060,窜,B4DC,7A9C,E7AA9C
2061,摧,B4DD,6467,E691A7
2062,崔,B4DE,5D14,E5B494
2063,催,B4DF,50AC,E582AC
2064,脆,B4E0,8106,E88486
2065,瘁,B4E1,7601,E79881
2066,粹,B4E2,7CB9,E7B2B9
2067,淬,B4E3,6DEC,E6B7AC
2068,翠,B4E4,7FE0,E7BFA0
2069,村,B4E5,6751,E69D91
2070,存,B4E6,5B58,E5AD98
2071,寸,B4E7,5BF8,E5AFB8
2072,磋,B4E8,78CB,E7A38B
2073,撮,B4E9,64AE,E692AE
2074,搓,B4EA,6413,E69093
2075,措,B4EB,63AA,E68EAA
2076,挫,B4EC,632B,E68CAB
2077,错,B4ED,9519,E99499
2078,搭,B4EE,642D,E690AD
2079,达,B4EF,8FBE,E8BEBE
2080,答,B4F0,7B54,E7AD94
2081,瘩,B4F1,7629,E798A9
2082,打,B4F2,6253,E68993
2083,大,B4F3,5927,E5A4A7
2084,呆,B4F4,5446,E59186
2085,歹,B4F5,6B79,E6ADB9
2086,傣,B4F6,50A3,E582A3
2087,戴,B4F7,6234,E688B4
2088,带,B4F8,5E26,E5B8A6
2089,殆,B4F9,6B86,E6AE86
2090,代,B4FA,4EE3,E4BBA3
2091,贷,B4FB,8D37,E8B4B7
2092,袋,B4FC,888B,E8A28B
2093,待,B4FD,5F85,E5BE85
2094,逮,B4FE,902E,E980AE
2101,怠,B5A1,6020,E680A0
2102,耽,B5A2,803D,E880BD
2103,担,B5A3,62C5,E68B85
2104,丹,B5A4,4E39,E4B8B9
2105,单,B5A5,5355,E58D95
2106,郸,B5A6,90F8,E983B8
2107,掸,B5A7,63B8,E68EB8
2108,胆,B5A8,80C6,E88386
2109,旦,B5A9,65E6,E697A6
2110,氮,B5AA,6C2E,E6B0AE
2111,但,B5AB,4F46,E4BD86
2112,惮,B5AC,60EE,E683AE
2113,淡,B5AD,6DE1,E6B7A1
2114,诞,B5AE,8BDE,E8AF9E
2115,弹,B5AF,5F39,E5BCB9
2116,蛋,B5B0,86CB,E89B8B
2117,当,B5B1,5F53,E5BD93
2118,挡,B5B2,6321,E68CA1
2119,党,B5B3,515A,E5859A
2120,荡,B5B4,8361,E88DA1
2121,档,B5B5,6863,E6A1A3
2122,刀,B5B6,5200,E58880
2123,捣,B5B7,6363,E68DA3
2124,蹈,B5B8,8E48,E8B988
2125,倒,B5B9,5012,E58092
2126,岛,B5BA,5C9B,E5B29B
2127,祷,B5BB,7977,E7A5B7
2128,导,B5BC,5BFC,E5AFBC
2129,到,B5BD,5230,E588B0
2130,稻,B5BE,7A3B,E7A8BB
2131,悼,B5BF,60BC,E682BC
2132,道,B5C0,9053,E98193
2133,盗,B5C1,76D7,E79B97
2134,德,B5C2,5FB7,E5BEB7
2135,得,B5C3,5F97,E5BE97
2136,的,B5C4,7684,E79A84
2137,蹬,B5C5,8E6C,E8B9AC
2138,灯,B5C6,706F,E781AF
2139,登,B5C7,767B,E799BB
2140,等,B5C8,7B49,E7AD89
2141,瞪,B5C9,77AA,E79EAA
2142,凳,B5CA,51F3,E587B3
2143,邓,B5CB,9093,E98293
2144,堤,B5CC,5824,E5A0A4
2145,低,B5CD,4F4E,E4BD8E
2146,滴,B5CE,6EF4,E6BBB4
2147,迪,B5CF,8FEA,E8BFAA
2148,敌,B5D0,654C,E6958C
2149,笛,B5D1,7B1B,E7AC9B
2150,狄,B5D2,72C4,E78B84
2151,涤,B5D3,6DA4,E6B6A4
2152,翟,B5D4,7FDF,E7BF9F
2153,嫡,B5D5,5AE1,E5ABA1
2154,抵,B5D6,62B5,E68AB5
2155,底,B5D7,5E95,E5BA95
2156,地,B5D8,5730,E59CB0
2157,蒂,B5D9,8482,E89282
2158,第,B5DA,7B2C,E7ACAC
2159,帝,B5DB,5E1D,E5B89D
2160,弟,B5DC,5F1F,E5BC9F
2161,递,B5DD,9012,E98092
2162,缔,B5DE,7F14,E7BC94
2163,颠,B5DF,98A0,E9A2A0
2164,掂,B5E0,6382,E68E82
2165,滇,B5E1,6EC7,E6BB87
2166,碘,B5E2,7898,E7A298
2167,点,B5E3,70B9,E782B9
2168,典,B5E4,5178,E585B8
2169,靛,B5E5,975B,E99D9B
2170,垫,B5E6,57AB,E59EAB
2171,电,B5E7,7535,E794B5
2172,佃,B5E8,4F43,E4BD83
2173,甸,B5E9,7538,E794B8
2174,店,B5EA,5E97,E5BA97
2175,惦,B5EB,60E6,E683A6
2176,奠,B5EC,5960,E5A5A0
2177,淀,B5ED,6DC0,E6B780
2178,殿,B5EE,6BBF,E6AEBF
2179,碉,B5EF,7889,E7A289
2180,叼,B5F0,53FC,E58FBC
2181,雕,B5F1,96D5,E99B95
2182,凋,B5F2,51CB,E5878B
2183,刁,B5F3,5201,E58881
2184,掉,B5F4,6389,E68E89
2185,吊,B5F5,540A,E5908A
2186,钓,B5F6,9493,E99293
2187,调,B5F7,8C03,E8B083
2188,跌,B5F8,8DCC,E8B78C
2189,爹,B5F9,7239,E788B9
2190,碟,B5FA,789F,E7A29F
2191,蝶,B5FB,8776,E89DB6
2192,迭,B5FC,8FED,E8BFAD
2193,谍,B5FD,8C0D,E8B08D
2194,叠,B5FE,53E0,E58FA0
2201,丁,B6A1,4E01,E4B881
2202,盯,B6A2,76EF,E79BAF
2203,叮,B6A3,53EE,E58FAE
2204,钉,B6A4,9489,E99289
2205,顶,B6A5,9876,E9A1B6
2206,鼎,B6A6,9F0E,E9BC8E
2207,锭,B6A7,952D,E994AD
2208,定,B6A8,5B9A,E5AE9A
2209,订,B6A9,8BA2,E8AEA2
2210,丢,B6AA,4E22,E4B8A2
2211,东,B6AB,4E1C,E4B89C
2212,冬,B6AC,51AC,E586AC
2213,董,B6AD,8463,E891A3
2214,懂,B6AE,61C2,E68782
2215,动,B6AF,52A8,E58AA8
2216,栋,B6B0,680B,E6A08B
2217,侗,B6B1,4F97,E4BE97
2218,恫,B6B2,606B,E681AB
2219,冻,B6B3,51BB,E586BB
2220,洞,B6B4,6D1E,E6B49E
2221,兜,B6B5,515C,E5859C
2222,抖,B6B6,6296,E68A96
2223,斗,B6B7,6597,E69697
2224,陡,B6B8,9661,E999A1
2225,豆,B6B9,8C46,E8B186
2226,逗,B6BA,9017,E98097
2227,痘,B6BB,75D8,E79798
2228,都,B6BC,90FD,E983BD
2229,督,B6BD,7763,E79DA3
2230,毒,B6BE,6BD2,E6AF92
2231,犊,B6BF,728A,E78A8A
2232,独,B6C0,72EC,E78BAC
2233,读,B6C1,8BFB,E8AFBB
2234,堵,B6C2,5835,E5A0B5
2235,睹,B6C3,7779,E79DB9
2236,赌,B6C4,8D4C,E8B58C
2237,杜,B6C5,675C,E69D9C
2238,镀,B6C6,9540,E99580
2239,肚,B6C7,809A,E8829A
2240,度,B6C8,5EA6,E5BAA6
2241,渡,B6C9,6E21,E6B8A1
2242,妒,B6CA,5992,E5A692
2243,端,B6CB,7AEF,E7ABAF
2244,短,B6CC,77ED,E79FAD
2245,锻,B6CD,953B,E994BB
2246,段,B6CE,6BB5,E6AEB5
2247,断,B6CF,65AD,E696AD
2248,缎,B6D0,7F0E,E7BC8E
2249,堆,B6D1,5806,E5A086
2250,兑,B6D2,5151,E58591
2251,队,B6D3,961F,E9989F
2252,对,B6D4,5BF9,E5AFB9
2253,墩,B6D5,58A9,E5A2A9
2254,吨,B6D6,5428,E590A8
2255,蹲,B6D7,8E72,E8B9B2
2256,敦,B6D8,6566,E695A6
2257,顿,B6D9,987F,E9A1BF
2258,囤,B6DA,56E4,E59BA4
2259,钝,B6DB,949D,E9929D
2260,盾,B6DC,76FE,E79BBE
2261,遁,B6DD,9041,E98181
2262,掇,B6DE,6387,E68E87
2263,哆,B6DF,54C6,E59386
2264,多,B6E0,591A,E5A49A
2265,夺,B6E1,593A,E5A4BA
2266,垛,B6E2,579B,E59E9B
2267,躲,B6E3,8EB2,E8BAB2
2268,朵,B6E4,6735,E69CB5
2269,跺,B6E5,8DFA,E8B7BA
2270,舵,B6E6,8235,E888B5
2271,剁,B6E7,5241,E58981
2272,惰,B6E8,60F0,E683B0
2273,堕,B6E9,5815,E5A095
2274,蛾,B6EA,86FE,E89BBE
2275,峨,B6EB,5CE8,E5B3A8
2276,鹅,B6EC,9E45,E9B985
2277,俄,B6ED,4FC4,E4BF84
2278,额,B6EE,989D,E9A29D
2279,讹,B6EF,8BB9,E8AEB9
2280,娥,B6F0,5A25,E5A8A5
2281,恶,B6F1,6076,E681B6
2282,厄,B6F2,5384,E58E84
2283,扼,B6F3,627C,E689BC
2284,遏,B6F4,904F,E9818F
2285,鄂,B6F5,9102,E98482
2286,饿,B6F6,997F,E9A5BF
2287,恩,B6F7,6069,E681A9
2288,而,B6F8,800C,E8808C
2289,儿,B6F9,513F,E584BF
2290,耳,B6FA,8033,E880B3
2291,尔,B6FB,5C14,E5B094
2292,饵,B6FC,9975,E9A5B5
2293,洱,B6FD,6D31,E6B4B1
2294,二,B6FE,4E8C,E4BA8C
2301,贰,B7A1,8D30,E8B4B0
2302,发,B7A2,53D1,E58F91
2303,罚,B7A3,7F5A,E7BD9A
2304,筏,B7A4,7B4F,E7AD8F
2305,伐,B7A5,4F10,E4BC90
2306,乏,B7A6,4E4F,E4B98F
2307,阀,B7A7,9600,E99880
2308,法,B7A8,6CD5,E6B395
2309,珐,B7A9,73D0,E78F90
2310,藩,B7AA,85E9,E897A9
2311,帆,B7AB,5E06,E5B886
2312,番,B7AC,756A,E795AA
2313,翻,B7AD,7FFB,E7BFBB
2314,樊,B7AE,6A0A,E6A88A
2315,矾,B7AF,77FE,E79FBE
2316,钒,B7B0,9492,E99292
2317,繁,B7B1,7E41,E7B981
2318,凡,B7B2,51E1,E587A1
2319,烦,B7B3,70E6,E783A6
2320,反,B7B4,53CD,E58F8D
2321,返,B7B5,8FD4,E8BF94
2322,范,B7B6,8303,E88C83
2323,贩,B7B7,8D29,E8B4A9
2324,犯,B7B8,72AF,E78AAF
2325,饭,B7B9,996D,E9A5AD
2326,泛,B7BA,6CDB,E6B39B
2327,坊,B7BB,574A,E59D8A
2328,芳,B7BC,82B3,E88AB3
2329,方,B7BD,65B9,E696B9
2330,肪,B7BE,80AA,E882AA
2331,房,B7BF,623F,E688BF
2332,防,B7C0,9632,E998B2
2333,妨,B7C1,59A8,E5A6A8
2334,仿,B7C2,4EFF,E4BBBF
2335,访,B7C3,8BBF,E8AEBF
2336,纺,B7C4,7EBA,E7BABA
2337,放,B7C5,653E,E694BE
2338,菲,B7C6,83F2,E88FB2
2339,非,B7C7,975E,E99D9E
2340,啡,B7C8,5561,E595A1
2341,飞,B7C9,98DE,E9A39E
2342,肥,B7CA,80A5,E882A5
2343,匪,B7CB,532A,E58CAA
2344,诽,B7CC,8BFD,E8AFBD
2345,吠,B7CD,5420,E590A0
2346,肺,B7CE,80BA,E882BA
2347,废,B7CF,5E9F,E5BA9F
2348,沸,B7D0,6CB8,E6B2B8
2349,费,B7D1,8D39,E8B4B9
2350,芬,B7D2,82AC,E88AAC
2351,酚,B7D3,915A,E9859A
2352,吩,B7D4,5429,E590A9
2353,氛,B7D5,6C1B,E6B09B
2354,分,B7D6,5206,E58886
2355,纷,B7D7,7EB7,E7BAB7
2356,坟,B7D8,575F,E59D9F
2357,焚,B7D9,711A,E7849A
2358,汾,B7DA,6C7E,E6B1BE
2359,粉,B7DB,7C89,E7B289
2360,奋,B7DC,594B,E5A58B
2361,份,B7DD,4EFD,E4BBBD
2362,忿,B7DE,5FFF,E5BFBF
2363,愤,B7DF,6124,E684A4
2364,粪,B7E0,7CAA,E7B2AA
2365,丰,B7E1,4E30,E4B8B0
2366,封,B7E2,5C01,E5B081
2367,枫,B7E3,67AB,E69EAB
2368,蜂,B7E4,8702,E89C82
2369,峰,B7E5,5CF0,E5B3B0
2370,锋,B7E6,950B,E9948B
2371,风,B7E7,98CE,E9A38E
2372,疯,B7E8,75AF,E796AF
2373,烽,B7E9,70FD,E783BD
2374,逢,B7EA,9022,E980A2
2375,冯,B7EB,51AF,E586AF
2376,缝,B7EC,7F1D,E7BC9D
2377,讽,B7ED,8BBD,E8AEBD
2378,奉,B7EE,5949,E5A589
2379,凤,B7EF,51E4,E587A4
2380,佛,B7F0,4F5B,E4BD9B
2381,否,B7F1,5426,E590A6
2382,夫,B7F2,592B,E5A4AB
2383,敷,B7F3,6577,E695B7
2384,肤,B7F4,80A4,E882A4
2385,孵,B7F5,5B75,E5ADB5
2386,扶,B7F6,6276,E689B6
2387,拂,B7F7,62C2,E68B82
2388,辐,B7F8,8F90,E8BE90
2389,幅,B7F9,5E45,E5B985
2390,氟,B7FA,6C1F,E6B09F
2391,符,B7FB,7B26,E7ACA6
2392,伏,B7FC,4F0F,E4BC8F
2393,俘,B7FD,4FD8,E4BF98
2394,服,B7FE,670D,E69C8D
2401,浮,B8A1,6D6E,E6B5AE
2402,涪,B8A2,6DAA,E6B6AA
2403,福,B8A3,798F,E7A68F
2404,袱,B8A4,88B1,E8A2B1
2405,弗,B8A5,5F17,E5BC97
2406,甫,B8A6,752B,E794AB
2407,抚,B8A7,629A,E68A9A
2408,辅,B8A8,8F85,E8BE85
2409,俯,B8A9,4FEF,E4BFAF
2410,釜,B8AA,91DC,E9879C
2411,斧,B8AB,65A7,E696A7
2412,脯,B8AC,812F,E884AF
2413,腑,B8AD,8151,E88591
2414,府,B8AE,5E9C,E5BA9C
2415,腐,B8AF,8150,E88590
2416,赴,B8B0,8D74,E8B5B4
2417,副,B8B1,526F,E589AF
2418,覆,B8B2,8986,E8A686
2419,赋,B8B3,8D4B,E8B58B
2420,复,B8B4,590D,E5A48D
2421,傅,B8B5,5085,E58285
2422,付,B8B6,4ED8,E4BB98
2423,阜,B8B7,961C,E9989C
2424,父,B8B8,7236,E788B6
2425,腹,B8B9,8179,E885B9
2426,负,B8BA,8D1F,E8B49F
2427,富,B8BB,5BCC,E5AF8C
2428,讣,B8BC,8BA3,E8AEA3
2429,附,B8BD,9644,E99984
2430,妇,B8BE,5987,E5A687
2431,缚,B8BF,7F1A,E7BC9A
2432,咐,B8C0,5490,E59290
2433,噶,B8C1,5676,E599B6
2434,嘎,B8C2,560E,E5988E
2435,该,B8C3,8BE5,E8AFA5
2436,改,B8C4,6539,E694B9
2437,概,B8C5,6982,E6A682
2438,钙,B8C6,9499,E99299
2439,盖,B8C7,76D6,E79B96
2440,溉,B8C8,6E89,E6BA89
2441,干,B8C9,5E72,E5B9B2
2442,甘,B8CA,7518,E79498
2443,杆,B8CB,6746,E69D86
2444,柑,B8CC,67D1,E69F91
2445,竿,B8CD,7AFF,E7ABBF
2446,肝,B8CE,809D,E8829D
2447,赶,B8CF,8D76,E8B5B6
2448,感,B8D0,611F,E6849F
2449,秆,B8D1,79C6,E7A786
2450,敢,B8D2,6562,E695A2
2451,赣,B8D3,8D63,E8B5A3
2452,冈,B8D4,5188,E58688
2453,刚,B8D5,521A,E5889A
2454,钢,B8D6,94A2,E992A2
2455,缸,B8D7,7F38,E7BCB8
2456,肛,B8D8,809B,E8829B
2457,纲,B8D9,7EB2,E7BAB2
2458,岗,B8DA,5C97,E5B297
2459,港,B8DB,6E2F,E6B8AF
2460,杠,B8DC,6760,E69DA0
2461,篙,B8DD,7BD9,E7AF99
2462,皋,B8DE,768B,E79A8B
2463,高,B8DF,9AD8,E9AB98
2464,膏,B8E0,818F,E8868F
2465,羔,B8E1,7F94,E7BE94
2466,糕,B8E2,7CD5,E7B395
2467,搞,B8E3,641E,E6909E
2468,镐,B8E4,9550,E99590
2469,稿,B8E5,7A3F,E7A8BF
2470,告,B8E6,544A,E5918A
2471,哥,B8E7,54E5,E593A5
2472,歌,B8E8,6B4C,E6AD8C
2473,搁,B8E9,6401,E69081
2474,戈,B8EA,6208,E68888
2475,鸽,B8EB,9E3D,E9B8BD
2476,胳,B8EC,80F3,E883B3
2477,疙,B8ED,7599,E79699
2478,割,B8EE,5272,E589B2
2479,革,B8EF,9769,E99DA9
2480,葛,B8F0,845B,E8919B
2481,格,B8F1,683C,E6A0BC
2482,蛤,B8F2,86E4,E89BA4
2483,阁,B8F3,9601,E99881
2484,隔,B8F4,9694,E99A94
2485,铬,B8F5,94EC,E993AC
2486,个,B8F6,4E2A,E4B8AA
2487,各,B8F7,5404,E59084
2488,给,B8F8,7ED9,E7BB99
2489,根,B8F9,6839,E6A0B9
2490,跟,B8FA,8DDF,E8B79F
2491,耕,B8FB,8015,E88095
2492,更,B8FC,66F4,E69BB4
2493,庚,B8FD,5E9A,E5BA9A
2494,羹,B8FE,7FB9,E7BEB9
2501,埂,B9A1,57C2,E59F82
2502,耿,B9A2,803F,E880BF
2503,梗,B9A3,6897,E6A297
2504,工,B9A4,5DE5,E5B7A5
2505,攻,B9A5,653B,E694BB
2506,功,B9A6,529F,E58A9F
2507,恭,B9A7,606D,E681AD
2508,龚,B9A8,9F9A,E9BE9A
2509,供,B9A9,4F9B,E4BE9B
2510,躬,B9AA,8EAC,E8BAAC
2511,公,B9AB,516C,E585AC
2512,宫,B9AC,5BAB,E5AEAB
2513,弓,B9AD,5F13,E5BC93
2514,巩,B9AE,5DE9,E5B7A9
2515,汞,B9AF,6C5E,E6B19E
2516,拱,B9B0,62F1,E68BB1
2517,贡,B9B1,8D21,E8B4A1
2518,共,B9B2,5171,E585B1
2519,钩,B9B3,94A9,E992A9
2520,勾,B9B4,52FE,E58BBE
2521,沟,B9B5,6C9F,E6B29F
2522,苟,B9B6,82DF,E88B9F
2523,狗,B9B7,72D7,E78B97
2524,垢,B9B8,57A2,E59EA2
2525,构,B9B9,6784,E69E84
2526,购,B9BA,8D2D,E8B4AD
2527,够,B9BB,591F,E5A49F
2528,辜,B9BC,8F9C,E8BE9C
2529,菇,B9BD,83C7,E88F87
2530,咕,B9BE,5495,E59295
2531,箍,B9BF,7B8D,E7AE8D
2532,估,B9C0,4F30,E4BCB0
2533,沽,B9C1,6CBD,E6B2BD
2534,孤,B9C2,5B64,E5ADA4
2535,姑,B9C3,59D1,E5A791
2536,鼓,B9C4,9F13,E9BC93
2537,古,B9C5,53E4,E58FA4
2538,蛊,B9C6,86CA,E89B8A
2539,骨,B9C7,9AA8,E9AAA8
2540,谷,B9C8,8C37,E8B0B7
2541,股,B9C9,80A1,E882A1
2542,故,B9CA,6545,E69585
2543,顾,B9CB,987E,E9A1BE
2544,固,B9CC,56FA,E59BBA
2545,雇,B9CD,96C7,E99B87
2546,刮,B9CE,522E,E588AE
2547,瓜,B9CF,74DC,E7939C
2548,剐,B9D0,5250,E58990
2549,寡,B9D1,5BE1,E5AFA1
2550,挂,B9D2,6302,E68C82
2551,褂,B9D3,8902,E8A482
2552,乖,B9D4,4E56,E4B996
2553,拐,B9D5,62D0,E68B90
2554,怪,B9D6,602A,E680AA
2555,棺,B9D7,68FA,E6A3BA
2556,关,B9D8,5173,E585B3
2557,官,B9D9,5B98,E5AE98
2558,冠,B9DA,51A0,E586A0
2559,观,B9DB,89C2,E8A782
2560,管,B9DC,7BA1,E7AEA1
2561,馆,B9DD,9986,E9A686
2562,罐,B9DE,7F50,E7BD90
2563,惯,B9DF,60EF,E683AF
2564,灌,B9E0,704C,E7818C
2565,贯,B9E1,8D2F,E8B4AF
2566,光,B9E2,5149,E58589
2567,广,B9E3,5E7F,E5B9BF
2568,逛,B9E4,901B,E9809B
2569,瑰,B9E5,7470,E791B0
2570,规,B9E6,89C4,E8A784
2571,圭,B9E7,572D,E59CAD
2572,硅,B9E8,7845,E7A185
2573,归,B9E9,5F52,E5BD92
2574,龟,B9EA,9F9F,E9BE9F
2575,闺,B9EB,95FA,E997BA
2576,轨,B9EC,8F68,E8BDA8
2577,鬼,B9ED,9B3C,E9ACBC
2578,诡,B9EE,8BE1,E8AFA1
2579,癸,B9EF,7678,E799B8
2580,桂,B9F0,6842,E6A182
2581,柜,B9F1,67DC,E69F9C
2582,跪,B9F2,8DEA,E8B7AA
2583,贵,B9F3,8D35,E8B4B5
2584,刽,B9F4,523D,E588BD
2585,辊,B9F5,8F8A,E8BE8A
2586,滚,B9F6,6EDA,E6BB9A
2587,棍,B9F7,68CD,E6A38D
2588,锅,B9F8,9505,E99485
2589,郭,B9F9,90ED,E983AD
2590,国,B9FA,56FD,E59BBD
2591,果,B9FB,679C,E69E9C
2592,裹,B9FC,88F9,E8A3B9
2593,过,B9FD,8FC7,E8BF87
2594,哈,B9FE,54C8,E59388
2601,骸,BAA1,9AB8,E9AAB8
2602,孩,BAA2,5B69,E5ADA9
2603,海,BAA3,6D77,E6B5B7
2604,氦,BAA4,6C26,E6B0A6
2605,亥,BAA5,4EA5,E4BAA5
2606,害,BAA6,5BB3,E5AEB3
2607,骇,BAA7,9A87,E9AA87
2608,酣,BAA8,9163,E985A3
2609,憨,BAA9,61A8,E686A8
2610,邯,BAAA,90AF,E982AF
2611,韩,BAAB,97E9,E99FA9
2612,含,BAAC,542B,E590AB
2613,涵,BAAD,6DB5,E6B6B5
2614,寒,BAAE,5BD2,E5AF92
2615,函,BAAF,51FD,E587BD
2616,喊,BAB0,558A,E5968A
2617,罕,BAB1,7F55,E7BD95
2618,翰,BAB2,7FF0,E7BFB0
2619,撼,BAB3,64BC,E692BC
2620,捍,BAB4,634D,E68D8D
2621,旱,BAB5,65F1,E697B1
2622,憾,BAB6,61BE,E686BE
2623,悍,BAB7,608D,E6828D
2624,焊,BAB8,710A,E7848A
2625,汗,BAB9,6C57,E6B197
2626,汉,BABA,6C49,E6B189
2627,夯,BABB,592F,E5A4AF
2628,杭,BABC,676D,E69DAD
2629,航,BABD,822A,E888AA
2630,壕,BABE,58D5,E5A395
2631,嚎,BABF,568E,E59A8E
2632,豪,BAC0,8C6A,E8B1AA
2633,毫,BAC1,6BEB,E6AFAB
2634,郝,BAC2,90DD,E9839D
2635,好,BAC3,597D,E5A5BD
2636,耗,BAC4,8017,E88097
2637,号,BAC5,53F7,E58FB7
2638,浩,BAC6,6D69,E6B5A9
2639,呵,BAC7,5475,E591B5
2640,喝,BAC8,559D,E5969D
2641,荷,BAC9,8377,E88DB7
2642,菏,BACA,83CF,E88F8F
2643,核,BACB,6838,E6A0B8
2644,禾,BACC,79BE,E7A6BE
2645,和,BACD,548C,E5928C
2646,何,BACE,4F55,E4BD95
2647,合,BACF,5408,E59088
2648,盒,BAD0,76D2,E79B92
2649,貉,BAD1,8C89,E8B289
2650,阂,BAD2,9602,E99882
2651,河,BAD3,6CB3,E6B2B3
2652,涸,BAD4,6DB8,E6B6B8
2653,赫,BAD5,8D6B,E8B5AB
2654,褐,BAD6,8910,E8A490
2655,鹤,BAD7,9E64,E9B9A4
2656,贺,BAD8,8D3A,E8B4BA
2657,嘿,BAD9,563F,E598BF
2658,黑,BADA,9ED1,E9BB91
2659,痕,BADB,75D5,E79795
2660,很,BADC,5F88,E5BE88
2661,狠,BADD,72E0,E78BA0
2662,恨,BADE,6068,E681A8
2663,哼,BADF,54FC,E593BC
2664,亨,BAE0,4EA8,E4BAA8
2665,横,BAE1,6A2A,E6A8AA
2666,衡,BAE2,8861,E8A1A1
2667,恒,BAE3,6052,E68192
2668,轰,BAE4,8F70,E8BDB0
2669,哄,BAE5,54C4,E59384
2670,烘,BAE6,70D8,E78398
2671,虹,BAE7,8679,E899B9
2672,鸿,BAE8,9E3F,E9B8BF
2673,洪,BAE9,6D2A,E6B4AA
2674,宏,BAEA,5B8F,E5AE8F
2675,弘,BAEB,5F18,E5BC98
2676,红,BAEC,7EA2,E7BAA2
2677,喉,BAED,5589,E59689
2678,侯,BAEE,4FAF,E4BEAF
2679,猴,BAEF,7334,E78CB4
2680,吼,BAF0,543C,E590BC
2681,厚,BAF1,539A,E58E9A
2682,候,BAF2,5019,E58099
2683,后,BAF3,540E,E5908E
2684,呼,BAF4,547C,E591BC
2685,乎,BAF5,4E4E,E4B98E
2686,忽,BAF6,5FFD,E5BFBD
2687,瑚,BAF7,745A,E7919A
2688,壶,BAF8,58F6,E5A3B6
2689,葫,BAF9,846B,E891AB
2690,胡,BAFA,80E1,E883A1
2691,蝴,BAFB,8774,E89DB4
2692,狐,BAFC,72D0,E78B90
2693,糊,BAFD,7CCA,E7B38A
2694,湖,BAFE,6E56,E6B996
2701,弧,BBA1,5F27,E5BCA7
2702,虎,BBA2,864E,E8998E
2703,唬,BBA3,552C,E594AC
2704,护,BBA4,62A4,E68AA4
2705,互,BBA5,4E92,E4BA92
2706,沪,BBA6,6CAA,E6B2AA
2707,户,BBA7,6237,E688B7
2708,花,BBA8,82B1,E88AB1
2709,哗,BBA9,54D7,E59397
2710,华,BBAA,534E,E58D8E
2711,猾,BBAB,733E,E78CBE
2712,滑,BBAC,6ED1,E6BB91
2713,画,BBAD,753B,E794BB
2714,划,BBAE,5212,E58892
2715,化,BBAF,5316,E58C96
2716,话,BBB0,8BDD,E8AF9D
2717,槐,BBB1,69D0,E6A790
2718,徊,BBB2,5F8A,E5BE8A
2719,怀,BBB3,6000,E68080
2720,淮,BBB4,6DEE,E6B7AE
2721,坏,BBB5,574F,E59D8F
2722,欢,BBB6,6B22,E6ACA2
2723,环,BBB7,73AF,E78EAF
2724,桓,BBB8,6853,E6A193
2725,还,BBB9,8FD8,E8BF98
2726,缓,BBBA,7F13,E7BC93
2727,换,BBBB,6362,E68DA2
2728,患,BBBC,60A3,E682A3
2729,唤,BBBD,5524,E594A4
2730,痪,BBBE,75EA,E797AA
2731,豢,BBBF,8C62,E8B1A2
2732,焕,BBC0,7115,E78495
2733,涣,BBC1,6DA3,E6B6A3
2734,宦,BBC2,5BA6,E5AEA6
2735,幻,BBC3,5E7B,E5B9BB
2736,荒,BBC4,8352,E88D92
2737,慌,BBC5,614C,E6858C
2738,黄,BBC6,9EC4,E9BB84
2739,磺,BBC7,78FA,E7A3BA
2740,蝗,BBC8,8757,E89D97
2741,簧,BBC9,7C27,E7B0A7
2742,皇,BBCA,7687,E79A87
2743,凰,BBCB,51F0,E587B0
2744,惶,BBCC,60F6,E683B6
2745,煌,BBCD,714C,E7858C
2746,晃,BBCE,6643,E69983
2747,幌,BBCF,5E4C,E5B98C
2748,恍,BBD0,604D,E6818D
2749,谎,BBD1,8C0E,E8B08E
2750,灰,BBD2,7070,E781B0
2751,挥,BBD3,6325,E68CA5
2752,辉,BBD4,8F89,E8BE89
2753,徽,BBD5,5FBD,E5BEBD
2754,恢,BBD6,6062,E681A2
2755,蛔,BBD7,86D4,E89B94
2756,回,BBD8,56DE,E59B9E
2757,毁,BBD9,6BC1,E6AF81
2758,悔,BBDA,6094,E68294
2759,慧,BBDB,6167,E685A7
2760,卉,BBDC,5349,E58D89
2761,惠,BBDD,60E0,E683A0
2762,晦,BBDE,6666,E699A6
2763,贿,BBDF,8D3F,E8B4BF
2764,秽,BBE0,79FD,E7A7BD
2765,会,BBE1,4F1A,E4BC9A
2766,烩,BBE2,70E9,E783A9
2767,汇,BBE3,6C47,E6B187
2768,讳,BBE4,8BB3,E8AEB3
2769,诲,BBE5,8BF2,E8AFB2
2770,绘,BBE6,7ED8,E7BB98
2771,荤,BBE7,8364,E88DA4
2772,昏,BBE8,660F,E6988F
2773,婚,BBE9,5A5A,E5A99A
2774,魂,BBEA,9B42,E9AD82
2775,浑,BBEB,6D51,E6B591
2776,混,BBEC,6DF7,E6B7B7
2777,豁,BBED,8C41,E8B181
2778,活,BBEE,6D3B,E6B4BB
2779,伙,BBEF,4F19,E4BC99
2780,火,BBF0,706B,E781AB
2781,获,BBF1,83B7,E88EB7
2782,或,BBF2,6216,E68896
2783,惑,BBF3,60D1,E68391
2784,霍,BBF4,970D,E99C8D
2785,货,BBF5,8D27,E8B4A7
2786,祸,BBF6,7978,E7A5B8
2787,击,BBF7,51FB,E587BB
2788,圾,BBF8,573E,E59CBE
2789,基,BBF9,57FA,E59FBA
2790,机,BBFA,673A,E69CBA
2791,畸,BBFB,7578,E795B8
2792,稽,BBFC,7A3D,E7A8BD
2793,积,BBFD,79EF,E7A7AF
2794,箕,BBFE,7B95,E7AE95
2801,肌,BCA1,808C,E8828C
2802,饥,BCA2,9965,E9A5A5
2803,迹,BCA3,8FF9,E8BFB9
2804,激,BCA4,6FC0,E6BF80
2805,讥,BCA5,8BA5,E8AEA5
2806,鸡,BCA6,9E21,E9B8A1
2807,姬,BCA7,59EC,E5A7AC
2808,绩,BCA8,7EE9,E7BBA9
2809,缉,BCA9,7F09,E7BC89
2810,吉,BCAA,5409,E59089
2811,极,BCAB,6781,E69E81
2812,棘,BCAC,68D8,E6A398
2813,辑,BCAD,8F91,E8BE91
2814,籍,BCAE,7C4D,E7B18D
2815,集,BCAF,96C6,E99B86
2816,及,BCB0,53CA,E58F8A
2817,急,BCB1,6025,E680A5
2818,疾,BCB2,75BE,E796BE
2819,汲,BCB3,6C72,E6B1B2
2820,即,BCB4,5373,E58DB3
2821,嫉,BCB5,5AC9,E5AB89
2822,级,BCB6,7EA7,E7BAA7
2823,挤,BCB7,6324,E68CA4
2824,几,BCB8,51E0,E587A0
2825,脊,BCB9,810A,E8848A
2826,己,BCBA,5DF1,E5B7B1
2827,蓟,BCBB,84DF,E8939F
2828,技,BCBC,6280,E68A80
2829,冀,BCBD,5180,E58680
2830,季,BCBE,5B63,E5ADA3
2831,伎,BCBF,4F0E,E4BC8E
2832,祭,BCC0,796D,E7A5AD
2833,剂,BCC1,5242,E58982
2834,悸,BCC2,60B8,E682B8
2835,济,BCC3,6D4E,E6B58E
2836,寄,BCC4,5BC4,E5AF84
2837,寂,BCC5,5BC2,E5AF82
2838,计,BCC6,8BA1,E8AEA1
2839,记,BCC7,8BB0,E8AEB0
2840,既,BCC8,65E2,E697A2
2841,忌,BCC9,5FCC,E5BF8C
2842,际,BCCA,9645,E99985
2843,妓,BCCB,5993,E5A693
2844,继,BCCC,7EE7,E7BBA7
2845,纪,BCCD,7EAA,E7BAAA
2846,嘉,BCCE,5609,E59889
2847,枷,BCCF,67B7,E69EB7
2848,夹,BCD0,5939,E5A4B9
2849,佳,BCD1,4F73,E4BDB3
2850,家,BCD2,5BB6,E5AEB6
2851,加,BCD3,52A0,E58AA0
2852,荚,BCD4,835A,E88D9A
2853,颊,BCD5,988A,E9A28A
2854,贾,BCD6,8D3E,E8B4BE
2855,甲,BCD7,7532,E794B2
2856,钾,BCD8,94BE,E992BE
2857,假,BCD9,5047,E58187
2858,稼,BCDA,7A3C,E7A8BC
2859,价,BCDB,4EF7,E4BBB7
2860,架,BCDC,67B6,E69EB6
2861,驾,BCDD,9A7E,E9A9BE
2862,嫁,BCDE,5AC1,E5AB81
2863,歼,BCDF,6B7C,E6ADBC
2864,监,BCE0,76D1,E79B91
2865,坚,BCE1,575A,E59D9A
2866,尖,BCE2,5C16,E5B096
2867,笺,BCE3,7B3A,E7ACBA
2868,间,BCE4,95F4,E997B4
2869,煎,BCE5,714E,E7858E
2870,兼,BCE6,517C,E585BC
2871,肩,BCE7,80A9,E882A9
2872,艰,BCE8,8270,E889B0
2873,奸,BCE9,5978,E5A5B8
2874,缄,BCEA,7F04,E7BC84
2875,茧,BCEB,8327,E88CA7
2876,检,BCEC,68C0,E6A380
2877,柬,BCED,67EC,E69FAC
2878,碱,BCEE,78B1,E7A2B1
2879,硷,BCEF,7877,E7A1B7
2880,拣,BCF0,62E3,E68BA3
2881,捡,BCF1,6361,E68DA1
2882,简,BCF2,7B80,E7AE80
2883,俭,BCF3,4FED,E4BFAD
2884,剪,BCF4,526A,E589AA
2885,减,BCF5,51CF,E5878F
2886,荐,BCF6,8350,E88D90
2887,槛,BCF7,69DB,E6A79B
2888,鉴,BCF8,9274,E989B4
2889,践,BCF9,8DF5,E8B7B5
2890,贱,BCFA,8D31,E8B4B1
2891,见,BCFB,89C1,E8A781
2892,键,BCFC,952E,E994AE
2893,箭,BCFD,7BAD,E7AEAD
2894,件,BCFE,4EF6,E4BBB6
2901,健,BDA1,5065,E581A5
2902,舰,BDA2,8230,E888B0
2903,剑,BDA3,5251,E58991
2904,饯,BDA4,996F,E9A5AF
2905,渐,BDA5,6E10,E6B890
2906,溅,BDA6,6E85,E6BA85
2907,涧,BDA7,6DA7,E6B6A7
2908,建,BDA8,5EFA,E5BBBA
2909,僵,BDA9,50F5,E583B5
2910,姜,BDAA,59DC,E5A79C
2911,将,BDAB,5C06,E5B086
2912,浆,BDAC,6D46,E6B586
2913,江,BDAD,6C5F,E6B19F
2914,疆,BDAE,7586,E79686
2915,蒋,BDAF,848B,E8928B
2916,桨,BDB0,6868,E6A1A8
2917,奖,BDB1,5956,E5A596
2918,讲,BDB2,8BB2,E8AEB2
2919,匠,BDB3,5320,E58CA0
2920,酱,BDB4,9171,E985B1
2921,降,BDB5,964D,E9998D
2922,蕉,BDB6,8549,E89589
2923,椒,BDB7,6912,E6A492
2924,礁,BDB8,7901,E7A481
2925,焦,BDB9,7126,E784A6
2926,胶,BDBA,80F6,E883B6
2927,交,BDBB,4EA4,E4BAA4
2928,郊,BDBC,90CA,E9838A
2929,浇,BDBD,6D47,E6B587
2930,骄,BDBE,9A84,E9AA84
2931,娇,BDBF,5A07,E5A887
2932,嚼,BDC0,56BC,E59ABC
2933,搅,BDC1,6405,E69085
2934,铰,BDC2,94F0,E993B0
2935,矫,BDC3,77EB,E79FAB
2936,侥,BDC4,4FA5,E4BEA5
2937,脚,BDC5,811A,E8849A
2938,狡,BDC6,72E1,E78BA1
2939,角,BDC7,89D2,E8A792
2940,饺,BDC8,997A,E9A5BA
2941,缴,BDC9,7F34,E7BCB4
2942,绞,BDCA,7EDE,E7BB9E
2943,剿,BDCB,527F,E589BF
2944,教,BDCC,6559,E69599
2945,酵,BDCD,9175,E985B5
2946,轿,BDCE,8F7F,E8BDBF
2947,较,BDCF,8F83,E8BE83
2948,叫,BDD0,53EB,E58FAB
2949,窖,BDD1,7A96,E7AA96
2950,揭,BDD2,63ED,E68FAD
2951,接,BDD3,63A5,E68EA5
2952,皆,BDD4,7686,E79A86
2953,秸,BDD5,79F8,E7A7B8
2954,街,BDD6,8857,E8A197
2955,阶,BDD7,9636,E998B6
2956,截,BDD8,622A,E688AA
2957,劫,BDD9,52AB,E58AAB
2958,节,BDDA,8282,E88A82
2959,桔,BDDB,6854,E6A194
2960,杰,BDDC,6770,E69DB0
2961,捷,BDDD,6377,E68DB7
2962,睫,BDDE,776B,E79DAB
2963,竭,BDDF,7AED,E7ABAD
2964,洁,BDE0,6D01,E6B481
2965,结,BDE1,7ED3,E7BB93
2966,解,BDE2,89E3,E8A7A3
2967,姐,BDE3,59D0,E5A790
2968,戒,BDE4,6212,E68892
2969,藉,BDE5,85C9,E89789
2970,芥,BDE6,82A5,E88AA5
2971,界,BDE7,754C,E7958C
2972,借,BDE8,501F,E5809F
2973,介,BDE9,4ECB,E4BB8B
2974,疥,BDEA,75A5,E796A5
2975,诫,BDEB,8BEB,E8AFAB
2976,届,BDEC,5C4A,E5B18A
2977,巾,BDED,5DFE,E5B7BE
2978,筋,BDEE,7B4B,E7AD8B
2979,斤,BDEF,65A4,E696A4
2980,金,BDF0,91D1,E98791
2981,今,BDF1,4ECA,E4BB8A
2982,津,BDF2,6D25,E6B4A5
2983,襟,BDF3,895F,E8A59F
2984,紧,BDF4,7D27,E7B4A7
2985,锦,BDF5,9526,E994A6
2986,仅,BDF6,4EC5,E4BB85
2987,谨,BDF7,8C28,E8B0A8
2988,进,BDF8,8FDB,E8BF9B
2989,靳,BDF9,9773,E99DB3
2990,晋,BDFA,664B,E6998B
2991,禁,BDFB,7981,E7A681
2992,近,BDFC,8FD1,E8BF91
2993,烬,BDFD,70EC,E783AC
2994,浸,BDFE,6D78,E6B5B8
3001,尽,BEA1,5C3D,E5B0BD
3002,劲,BEA2,52B2,E58AB2
3003,荆,BEA3,8346,E88D86
3004,兢,BEA4,5162,E585A2
3005,茎,BEA5,830E,E88C8E
3006,睛,BEA6,775B,E79D9B
3007,晶,BEA7,6676,E699B6
3008,鲸,BEA8,9CB8,E9B2B8
3009,京,BEA9,4EAC,E4BAAC
3010,惊,BEAA,60CA,E6838A
3011,精,BEAB,7CBE,E7B2BE
3012,粳,BEAC,7CB3,E7B2B3
3013,经,BEAD,7ECF,E7BB8F
3014,井,BEAE,4E95,E4BA95
3015,警,BEAF,8B66,E8ADA6
3016,景,BEB0,666F,E699AF
3017,颈,BEB1,9888,E9A288
3018,静,BEB2,9759,E99D99
3019,境,BEB3,5883,E5A283
3020,敬,BEB4,656C,E695AC
3021,镜,BEB5,955C,E9959C
3022,径,BEB6,5F84,E5BE84
3023,痉,BEB7,75C9,E79789
3024,靖,BEB8,9756,E99D96
3025,竟,BEB9,7ADF,E7AB9F
3026,竞,BEBA,7ADE,E7AB9E
3027,净,BEBB,51C0,E58780
3028,炯,BEBC,70AF,E782AF
3029,窘,BEBD,7A98,E7AA98
3030,揪,BEBE,63EA,E68FAA
3031,究,BEBF,7A76,E7A9B6
3032,纠,BEC0,7EA0,E7BAA0
3033,玖,BEC1,7396,E78E96
3034,韭,BEC2,97ED,E99FAD
3035,久,BEC3,4E45,E4B985
3036,灸,BEC4,7078,E781B8
3037,九,BEC5,4E5D,E4B99D
3038,酒,BEC6,9152,E98592
3039,厩,BEC7,53A9,E58EA9
3040,救,BEC8,6551,E69591
3041,旧,BEC9,65E7,E697A7
3042,臼,BECA,81FC,E887BC
3043,舅,BECB,8205,E88885
3044,咎,BECC,548E,E5928E
3045,就,BECD,5C31,E5B0B1
3046,疚,BECE,759A,E7969A
3047,鞠,BECF,97A0,E99EA0
3048,拘,BED0,62D8,E68B98
3049,狙,BED1,72D9,E78B99
3050,疽,BED2,75BD,E796BD
3051,居,BED3,5C45,E5B185
3052,驹,BED4,9A79,E9A9B9
3053,菊,BED5,83CA,E88F8A
3054,局,BED6,5C40,E5B180
3055,咀,BED7,5480,E59280
3056,矩,BED8,77E9,E79FA9
3057,举,BED9,4E3E,E4B8BE
3058,沮,BEDA,6CAE,E6B2AE
3059,聚,BEDB,805A,E8819A
3060,拒,BEDC,62D2,E68B92
3061,据,BEDD,636E,E68DAE
3062,巨,BEDE,5DE8,E5B7A8
3063,具,BEDF,5177,E585B7
3064,距,BEE0,8DDD,E8B79D
3065,踞,BEE1,8E1E,E8B89E
3066,锯,BEE2,952F,E994AF
3067,俱,BEE3,4FF1,E4BFB1
3068,句,BEE4,53E5,E58FA5
3069,惧,BEE5,60E7,E683A7
3070,炬,BEE6,70AC,E782AC
3071,剧,BEE7,5267,E589A7
3072,捐,BEE8,6350,E68D90
3073,鹃,BEE9,9E43,E9B983
3074,娟,BEEA,5A1F,E5A89F
3075,倦,BEEB,5026,E580A6
3076,眷,BEEC,7737,E79CB7
3077,卷,BEED,5377,E58DB7
3078,绢,BEEE,7EE2,E7BBA2
3079,撅,BEEF,6485,E69285
3080,攫,BEF0,652B,E694AB
3081,抉,BEF1,6289,E68A89
3082,掘,BEF2,6398,E68E98
3083,倔,BEF3,5014,E58094
3084,爵,BEF4,7235,E788B5
3085,觉,BEF5,89C9,E8A789
3086,决,BEF6,51B3,E586B3
3087,诀,BEF7,8BC0,E8AF80
3088,绝,BEF8,7EDD,E7BB9D
3089,均,BEF9,5747,E59D87
3090,菌,BEFA,83CC,E88F8C
3091,钧,BEFB,94A7,E992A7
3092,军,BEFC,519B,E5869B
3093,君,BEFD,541B,E5909B
3094,峻,BEFE,5CFB,E5B3BB
3101,俊,BFA1,4FCA,E4BF8A
3102,竣,BFA2,7AE3,E7ABA3
3103,浚,BFA3,6D5A,E6B59A
3104,郡,BFA4,90E1,E983A1
3105,骏,BFA5,9A8F,E9AA8F
3106,喀,BFA6,5580,E59680
3107,咖,BFA7,5496,E59296
3108,卡,BFA8,5361,E58DA1
3109,咯,BFA9,54AF,E592AF
3110,开,BFAA,5F00,E5BC80
3111,揩,BFAB,63E9,E68FA9
3112,楷,BFAC,6977,E6A5B7
3113,凯,BFAD,51EF,E587AF
3114,慨,BFAE,6168,E685A8
3115,刊,BFAF,520A,E5888A
3116,堪,BFB0,582A,E5A0AA
3117,勘,BFB1,52D8,E58B98
3118,坎,BFB2,574E,E59D8E
3119,砍,BFB3,780D,E7A08D
3120,看,BFB4,770B,E79C8B
3121,康,BFB5,5EB7,E5BAB7
3122,慷,BFB6,6177,E685B7
3123,糠,BFB7,7CE0,E7B3A0
3124,扛,BFB8,625B,E6899B
3125,抗,BFB9,6297,E68A97
3126,亢,BFBA,4EA2,E4BAA2
3127,炕,BFBB,7095,E78295
3128,考,BFBC,8003,E88083
3129,拷,BFBD,62F7,E68BB7
3130,烤,BFBE,70E4,E783A4
3131,靠,BFBF,9760,E99DA0
3132,坷,BFC0,5777,E59DB7
3133,苛,BFC1,82DB,E88B9B
3134,柯,BFC2,67EF,E69FAF
3135,棵,BFC3,68F5,E6A3B5
3136,磕,BFC4,78D5,E7A395
3137,颗,BFC5,9897,E9A297
3138,科,BFC6,79D1,E7A791
3139,壳,BFC7,58F3,E5A3B3
3140,咳,BFC8,54B3,E592B3
3141,可,BFC9,53EF,E58FAF
3142,渴,BFCA,6E34,E6B8B4
3143,克,BFCB,514B,E5858B
3144,刻,BFCC,523B,E588BB
3145,客,BFCD,5BA2,E5AEA2
3146,课,BFCE,8BFE,E8AFBE
3147,肯,BFCF,80AF,E882AF
3148,啃,BFD0,5543,E59583
3149,垦,BFD1,57A6,E59EA6
3150,恳,BFD2,6073,E681B3
3151,坑,BFD3,5751,E59D91
3152,吭,BFD4,542D,E590AD
3153,空,BFD5,7A7A,E7A9BA
3154,恐,BFD6,6050,E68190
3155,孔,BFD7,5B54,E5AD94
3156,控,BFD8,63A7,E68EA7
3157,抠,BFD9,62A0,E68AA0
3158,口,BFDA,53E3,E58FA3
3159,扣,BFDB,6263,E689A3
3160,寇,BFDC,5BC7,E5AF87
3161,枯,BFDD,67AF,E69EAF
3162,哭,BFDE,54ED,E593AD
3163,窟,BFDF,7A9F,E7AA9F
3164,苦,BFE0,82E6,E88BA6
3165,酷,BFE1,9177,E985B7
3166,库,BFE2,5E93,E5BA93
3167,裤,BFE3,88E4,E8A3A4
3168,夸,BFE4,5938,E5A4B8
3169,垮,BFE5,57AE,E59EAE
3170,挎,BFE6,630E,E68C8E
3171,跨,BFE7,8DE8,E8B7A8
3172,胯,BFE8,80EF,E883AF
3173,块,BFE9,5757,E59D97
3174,筷,BFEA,7B77,E7ADB7
3175,侩,BFEB,4FA9,E4BEA9
3176,快,BFEC,5FEB,E5BFAB
3177,宽,BFED,5BBD,E5AEBD
3178,款,BFEE,6B3E,E6ACBE
3179,匡,BFEF,5321,E58CA1
3180,筐,BFF0,7B50,E7AD90
3181,狂,BFF1,72C2,E78B82
3182,框,BFF2,6846,E6A186
3183,矿,BFF3,77FF,E79FBF
3184,眶,BFF4,7736,E79CB6
3185,旷,BFF5,65F7,E697B7
3186,况,BFF6,51B5,E586B5
3187,亏,BFF7,4E8F,E4BA8F
3188,盔,BFF8,76D4,E79B94
3189,岿,BFF9,5CBF,E5B2BF
3190,窥,BFFA,7AA5,E7AAA5
3191,葵,BFFB,8475,E891B5
3192,奎,BFFC,594E,E5A58E
3193,魁,BFFD,9B41,E9AD81
3194,傀,BFFE,5080,E58280
3201,馈,C0A1,9988,E9A688
3202,愧,C0A2,6127,E684A7
3203,溃,C0A3,6E83,E6BA83
3204,坤,C0A4,5764,E59DA4
3205,昆,C0A5,6606,E69886
3206,捆,C0A6,6346,E68D86
3207,困,C0A7,56F0,E59BB0
3208,括,C0A8,62EC,E68BAC
3209,扩,C0A9,6269,E689A9
3210,廓,C0AA,5ED3,E5BB93
3211,阔,C0AB,9614,E99894
3212,垃,C0AC,5783,E59E83
3213,拉,C0AD,62C9,E68B89
3214,喇,C0AE,5587,E59687
3215,蜡,C0AF,8721,E89CA1
3216,腊,C0B0,814A,E8858A
3217,辣,C0B1,8FA3,E8BEA3
3218,啦,C0B2,5566,E595A6
3219,莱,C0B3,83B1,E88EB1
3220,来,C0B4,6765,E69DA5
3221,赖,C0B5,8D56,E8B596
3222,蓝,C0B6,84DD,E8939D
3223,婪,C0B7,5A6A,E5A9AA
3224,栏,C0B8,680F,E6A08F
3225,拦,C0B9,62E6,E68BA6
3226,篮,C0BA,7BEE,E7AFAE
3227,阑,C0BB,9611,E99891
3228,兰,C0BC,5170,E585B0
3229,澜,C0BD,6F9C,E6BE9C
3230,谰,C0BE,8C30,E8B0B0
3231,揽,C0BF,63FD,E68FBD
3232,览,C0C0,89C8,E8A788
3233,懒,C0C1,61D2,E68792
3234,缆,C0C2,7F06,E7BC86
3235,烂,C0C3,70C2,E78382
3236,滥,C0C4,6EE5,E6BBA5
3237,琅,C0C5,7405,E79085
3238,榔,C0C6,6994,E6A694
3239,狼,C0C7,72FC,E78BBC
3240,廊,C0C8,5ECA,E5BB8A
3241,郎,C0C9,90CE,E9838E
3242,朗,C0CA,6717,E69C97
3243,浪,C0CB,6D6A,E6B5AA
3244,捞,C0CC,635E,E68D9E
3245,劳,C0CD,52B3,E58AB3
3246,牢,C0CE,7262,E789A2
3247,老,C0CF,8001,E88081
3248,佬,C0D0,4F6C,E4BDAC
3249,姥,C0D1,59E5,E5A7A5
3250,酪,C0D2,916A,E985AA
3251,烙,C0D3,70D9,E78399
3252,涝,C0D4,6D9D,E6B69D
3253,勒,C0D5,52D2,E58B92
3254,乐,C0D6,4E50,E4B990
3255,雷,C0D7,96F7,E99BB7
3256,镭,C0D8,956D,E995AD
3257,蕾,C0D9,857E,E895BE
3258,磊,C0DA,78CA,E7A38A
3259,累,C0DB,7D2F,E7B4AF
3260,儡,C0DC,5121,E584A1
3261,垒,C0DD,5792,E59E92
3262,擂,C0DE,64C2,E69382
3263,肋,C0DF,808B,E8828B
3264,类,C0E0,7C7B,E7B1BB
3265,泪,C0E1,6CEA,E6B3AA
3266,棱,C0E2,68F1,E6A3B1
3267,楞,C0E3,695E,E6A59E
3268,冷,C0E4,51B7,E586B7
3269,厘,C0E5,5398,E58E98
3270,梨,C0E6,68A8,E6A2A8
3271,犁,C0E7,7281,E78A81
3272,黎,C0E8,9ECE,E9BB8E
3273,篱,C0E9,7BF1,E7AFB1
3274,狸,C0EA,72F8,E78BB8
3275,离,C0EB,79BB,E7A6BB
3276,漓,C0EC,6F13,E6BC93
3277,理,C0ED,7406,E79086
3278,李,C0EE,674E,E69D8E
3279,里,C0EF,91CC,E9878C
3280,鲤,C0F0,9CA4,E9B2A4
3281,礼,C0F1,793C,E7A4BC
3282,莉,C0F2,8389,E88E89
3283,荔,C0F3,8354,E88D94
3284,吏,C0F4,540F,E5908F
3285,栗,C0F5,6817,E6A097
3286,丽,C0F6,4E3D,E4B8BD
3287,厉,C0F7,5389,E58E89
3288,励,C0F8,52B1,E58AB1
3289,砾,C0F9,783E,E7A0BE
3290,历,C0FA,5386,E58E86
3291,利,C0FB,5229,E588A9
3292,傈,C0FC,5088,E58288
3293,例,C0FD,4F8B,E4BE8B
3294,俐,C0FE,4FD0,E4BF90
3301,痢,C1A1,75E2,E797A2
3302,立,C1A2,7ACB,E7AB8B
3303,粒,C1A3,7C92,E7B292
3304,沥,C1A4,6CA5,E6B2A5
3305,隶,C1A5,96B6,E99AB6
3306,力,C1A6,529B,E58A9B
3307,璃,C1A7,7483,E79283
3308,哩,C1A8,54E9,E593A9
3309,俩,C1A9,4FE9,E4BFA9
3310,联,C1AA,8054,E88194
3311,莲,C1AB,83B2,E88EB2
3312,连,C1AC,8FDE,E8BF9E
3313,镰,C1AD,9570,E995B0
3314,廉,C1AE,5EC9,E5BB89
3315,怜,C1AF,601C,E6809C
3316,涟,C1B0,6D9F,E6B69F
3317,帘,C1B1,5E18,E5B898
3318,敛,C1B2,655B,E6959B
3319,脸,C1B3,8138,E884B8
3320,链,C1B4,94FE,E993BE
3321,恋,C1B5,604B,E6818B
3322,炼,C1B6,70BC,E782BC
3323,练,C1B7,7EC3,E7BB83
3324,粮,C1B8,7CAE,E7B2AE
3325,凉,C1B9,51C9,E58789
3326,梁,C1BA,6881,E6A281
3327,粱,C1BB,7CB1,E7B2B1
3328,良,C1BC,826F,E889AF
3329,两,C1BD,4E24,E4B8A4
3330,辆,C1BE,8F86,E8BE86
3331,量,C1BF,91CF,E9878F
3332,晾,C1C0,667E,E699BE
3333,亮,C1C1,4EAE,E4BAAE
3334,谅,C1C2,8C05,E8B085
3335,撩,C1C3,64A9,E692A9
3336,聊,C1C4,804A,E8818A
3337,僚,C1C5,50DA,E5839A
3338,疗,C1C6,7597,E79697
3339,燎,C1C7,71CE,E7878E
3340,寥,C1C8,5BE5,E5AFA5
3341,辽,C1C9,8FBD,E8BEBD
3342,潦,C1CA,6F66,E6BDA6
3343,了,C1CB,4E86,E4BA86
3344,撂,C1CC,6482,E69282
3345,镣,C1CD,9563,E995A3
3346,廖,C1CE,5ED6,E5BB96
3347,料,C1CF,6599,E69699
3348,列,C1D0,5217,E58897
3349,裂,C1D1,88C2,E8A382
3350,烈,C1D2,70C8,E78388
3351,劣,C1D3,52A3,E58AA3
3352,猎,C1D4,730E,E78C8E
3353,琳,C1D5,7433,E790B3
3354,林,C1D6,6797,E69E97
3355,磷,C1D7,78F7,E7A3B7
3356,霖,C1D8,9716,E99C96
3357,临,C1D9,4E34,E4B8B4
3358,邻,C1DA,90BB,E982BB
3359,鳞,C1DB,9CDE,E9B39E
3360,淋,C1DC,6DCB,E6B78B
3361,凛,C1DD,51DB,E5879B
3362,赁,C1DE,8D41,E8B581
3363,吝,C1DF,541D,E5909D
3364,拎,C1E0,62CE,E68B8E
3365,玲,C1E1,73B2,E78EB2
3366,菱,C1E2,83F1,E88FB1
3367,零,C1E3,96F6,E99BB6
3368,龄,C1E4,9F84,E9BE84
3369,铃,C1E5,94C3,E99383
3370,伶,C1E6,4F36,E4BCB6
3371,羚,C1E7,7F9A,E7BE9A
3372,凌,C1E8,51CC,E5878C
3373,灵,C1E9,7075,E781B5
3374,陵,C1EA,9675,E999B5
3375,岭,C1EB,5CAD,E5B2AD
3376,领,C1EC,9886,E9A286
3377,另,C1ED,53E6,E58FA6
3378,令,C1EE,4EE4,E4BBA4
3379,溜,C1EF,6E9C,E6BA9C
3380,琉,C1F0,7409,E79089
3381,榴,C1F1,69B4,E6A6B4
3382,硫,C1F2,786B,E7A1AB
3383,馏,C1F3,998F,E9A68F
3384,留,C1F4,7559,E79599
3385,刘,C1F5,5218,E58898
3386,瘤,C1F6,7624,E798A4
3387,流,C1F7,6D41,E6B581
3388,柳,C1F8,67F3,E69FB3
3389,六,C1F9,516D,E585AD
3390,龙,C1FA,9F99,E9BE99
3391,聋,C1FB,804B,E8818B
3392,咙,C1FC,5499,E59299
3393,笼,C1FD,7B3C,E7ACBC
3394,窿,C1FE,7ABF,E7AABF
3401,隆,C2A1,9686,E99A86
3402,垄,C2A2,5784,E59E84
3403,拢,C2A3,62E2,E68BA2
3404,陇,C2A4,9647,E99987
3405,楼,C2A5,697C,E6A5BC
3406,娄,C2A6,5A04,E5A884
3407,搂,C2A7,6402,E69082
3408,篓,C2A8,7BD3,E7AF93
3409,漏,C2A9,6F0F,E6BC8F
3410,陋,C2AA,964B,E9998B
3411,芦,C2AB,82A6,E88AA6
3412,卢,C2AC,5362,E58DA2
3413,颅,C2AD,9885,E9A285
3414,庐,C2AE,5E90,E5BA90
3415,炉,C2AF,7089,E78289
3416,掳,C2B0,63B3,E68EB3
3417,卤,C2B1,5364,E58DA4
3418,虏,C2B2,864F,E8998F
3419,鲁,C2B3,9C81,E9B281
3420,麓,C2B4,9E93,E9BA93
3421,碌,C2B5,788C,E7A28C
3422,露,C2B6,9732,E99CB2
3423,路,C2B7,8DEF,E8B7AF
3424,赂,C2B8,8D42,E8B582
3425,鹿,C2B9,9E7F,E9B9BF
3426,潞,C2BA,6F5E,E6BD9E
3427,禄,C2BB,7984,E7A684
3428,录,C2BC,5F55,E5BD95
3429,陆,C2BD,9646,E99986
3430,戮,C2BE,622E,E688AE
3431,驴,C2BF,9A74,E9A9B4
3432,吕,C2C0,5415,E59095
3433,铝,C2C1,94DD,E9939D
3434,侣,C2C2,4FA3,E4BEA3
3435,旅,C2C3,65C5,E69785
3436,履,C2C4,5C65,E5B1A5
3437,屡,C2C5,5C61,E5B1A1
3438,缕,C2C6,7F15,E7BC95
3439,虑,C2C7,8651,E89991
3440,氯,C2C8,6C2F,E6B0AF
3441,律,C2C9,5F8B,E5BE8B
3442,率,C2CA,7387,E78E87
3443,滤,C2CB,6EE4,E6BBA4
3444,绿,C2CC,7EFF,E7BBBF
3445,峦,C2CD,5CE6,E5B3A6
3446,挛,C2CE,631B,E68C9B
3447,孪,C2CF,5B6A,E5ADAA
3448,滦,C2D0,6EE6,E6BBA6
3449,卵,C2D1,5375,E58DB5
3450,乱,C2D2,4E71,E4B9B1
3451,掠,C2D3,63A0,E68EA0
3452,略,C2D4,7565,E795A5
3453,抡,C2D5,62A1,E68AA1
3454,轮,C2D6,8F6E,E8BDAE
3455,伦,C2D7,4F26,E4BCA6
3456,仑,C2D8,4ED1,E4BB91
3457,沦,C2D9,6CA6,E6B2A6
3458,纶,C2DA,7EB6,E7BAB6
3459,论,C2DB,8BBA,E8AEBA
3460,萝,C2DC,841D,E8909D
3461,螺,C2DD,87BA,E89EBA
3462,罗,C2DE,7F57,E7BD97
3463,逻,C2DF,903B,E980BB
3464,锣,C2E0,9523,E994A3
3465,箩,C2E1,7BA9,E7AEA9
3466,骡,C2E2,9AA1,E9AAA1
3467,裸,C2E3,88F8,E8A3B8
3468,落,C2E4,843D,E890BD
3469,洛,C2E5,6D1B,E6B49B
3470,骆,C2E6,9A86,E9AA86
3471,络,C2E7,7EDC,E7BB9C
3472,妈,C2E8,5988,E5A688
3473,麻,C2E9,9EBB,E9BABB
3474,玛,C2EA,739B,E78E9B
3475,码,C2EB,7801,E7A081
3476,蚂,C2EC,8682,E89A82
3477,马,C2ED,9A6C,E9A9AC
3478,骂,C2EE,9A82,E9AA82
3479,嘛,C2EF,561B,E5989B
3480,吗,C2F0,5417,E59097
3481,埋,C2F1,57CB,E59F8B
3482,买,C2F2,4E70,E4B9B0
3483,麦,C2F3,9EA6,E9BAA6
3484,卖,C2F4,5356,E58D96
3485,迈,C2F5,8FC8,E8BF88
3486,脉,C2F6,8109,E88489
3487,瞒,C2F7,7792,E79E92
3488,馒,C2F8,9992,E9A692
3489,蛮,C2F9,86EE,E89BAE
3490,满,C2FA,6EE1,E6BBA1
3491,蔓,C2FB,8513,E89493
3492,曼,C2FC,66FC,E69BBC
3493,慢,C2FD,6162,E685A2
3494,漫,C2FE,6F2B,E6BCAB
3501,谩,C3A1,8C29,E8B0A9
3502,芒,C3A2,8292,E88A92
3503,茫,C3A3,832B,E88CAB
3504,盲,C3A4,76F2,E79BB2
3505,氓,C3A5,6C13,E6B093
3506,忙,C3A6,5FD9,E5BF99
3507,莽,C3A7,83BD,E88EBD
3508,猫,C3A8,732B,E78CAB
3509,茅,C3A9,8305,E88C85
3510,锚,C3AA,951A,E9949A
3511,毛,C3AB,6BDB,E6AF9B
3512,矛,C3AC,77DB,E79F9B
3513,铆,C3AD,94C6,E99386
3514,卯,C3AE,536F,E58DAF
3515,茂,C3AF,8302,E88C82
3516,冒,C3B0,5192,E58692
3517,帽,C3B1,5E3D,E5B8BD
3518,貌,C3B2,8C8C,E8B28C
3519,贸,C3B3,8D38,E8B4B8
3520,么,C3B4,4E48,E4B988
3521,玫,C3B5,73AB,E78EAB
3522,枚,C3B6,679A,E69E9A
3523,梅,C3B7,6885,E6A285
3524,酶,C3B8,9176,E985B6
3525,霉,C3B9,9709,E99C89
3526,煤,C3BA,7164,E785A4
3527,没,C3BB,6CA1,E6B2A1
3528,眉,C3BC,7709,E79C89
3529,媒,C3BD,5A92,E5AA92
3530,镁,C3BE,9541,E99581
3531,每,C3BF,6BCF,E6AF8F
3532,美,C3C0,7F8E,E7BE8E
3533,昧,C3C1,6627,E698A7
3534,寐,C3C2,5BD0,E5AF90
3535,妹,C3C3,59B9,E5A6B9
3536,媚,C3C4,5A9A,E5AA9A
3537,门,C3C5,95E8,E997A8
3538,闷,C3C6,95F7,E997B7
3539,们,C3C7,4EEC,E4BBAC
3540,萌,C3C8,840C,E8908C
3541,蒙,C3C9,8499,E89299
3542,檬,C3CA,6AAC,E6AAAC
3543,盟,C3CB,76DF,E79B9F
3544,锰,C3CC,9530,E994B0
3545,猛,C3CD,731B,E78C9B
3546,梦,C3CE,68A6,E6A2A6
3547,孟,C3CF,5B5F,E5AD9F
3548,眯,C3D0,772F,E79CAF
3549,醚,C3D1,919A,E9869A
3550,靡,C3D2,9761,E99DA1
3551,糜,C3D3,7CDC,E7B39C
3552,迷,C3D4,8FF7,E8BFB7
3553,谜,C3D5,8C1C,E8B09C
3554,弥,C3D6,5F25,E5BCA5
3555,米,C3D7,7C73,E7B1B3
3556,秘,C3D8,79D8,E7A798
3557,觅,C3D9,89C5,E8A785
3558,泌,C3DA,6CCC,E6B38C
3559,蜜,C3DB,871C,E89C9C
3560,密,C3DC,5BC6,E5AF86
3561,幂,C3DD,5E42,E5B982
3562,棉,C3DE,68C9,E6A389
3563,眠,C3DF,7720,E79CA0
3564,绵,C3E0,7EF5,E7BBB5
3565,冕,C3E1,5195,E58695
3566,免,C3E2,514D,E5858D
3567,勉,C3E3,52C9,E58B89
3568,娩,C3E4,5A29,E5A8A9
3569,缅,C3E5,7F05,E7BC85
3570,面,C3E6,9762,E99DA2
3571,苗,C3E7,82D7,E88B97
3572,描,C3E8,63CF,E68F8F
3573,瞄,C3E9,7784,E79E84
3574,藐,C3EA,85D0,E89790
3575,秒,C3EB,79D2,E7A792
3576,渺,C3EC,6E3A,E6B8BA
3577,庙,C3ED,5E99,E5BA99
3578,妙,C3EE,5999,E5A699
3579,蔑,C3EF,8511,E89491
3580,灭,C3F0,706D,E781AD
3581,民,C3F1,6C11,E6B091
3582,抿,C3F2,62BF,E68ABF
3583,皿,C3F3,76BF,E79ABF
3584,敏,C3F4,654F,E6958F
3585,悯,C3F5,60AF,E682AF
3586,闽,C3F6,95FD,E997BD
3587,明,C3F7,660E,E6988E
3588,螟,C3F8,879F,E89E9F
3589,鸣,C3F9,9E23,E9B8A3
3590,铭,C3FA,94ED,E993AD
3591,名,C3FB,540D,E5908D
3592,命,C3FC,547D,E591BD
3593,谬,C3FD,8C2C,E8B0AC
3594,摸,C3FE,6478,E691B8
3601,摹,C4A1,6479,E691B9
3602,蘑,C4A2,8611,E89891
3603,模,C4A3,6A21,E6A8A1
3604,膜,C4A4,819C,E8869C
3605,磨,C4A5,78E8,E7A3A8
3606,摩,C4A6,6469,E691A9
3607,魔,C4A7,9B54,E9AD94
3608,抹,C4A8,62B9,E68AB9
3609,末,C4A9,672B,E69CAB
3610,莫,C4AA,83AB,E88EAB
3611,墨,C4AB,58A8,E5A2A8
3612,默,C4AC,9ED8,E9BB98
3613,沫,C4AD,6CAB,E6B2AB
3614,漠,C4AE,6F20,E6BCA0
3615,寞,C4AF,5BDE,E5AF9E
3616,陌,C4B0,964C,E9998C
3617,谋,C4B1,8C0B,E8B08B
3618,牟,C4B2,725F,E7899F
3619,某,C4B3,67D0,E69F90
3620,拇,C4B4,62C7,E68B87
3621,牡,C4B5,7261,E789A1
3622,亩,C4B6,4EA9,E4BAA9
3623,姆,C4B7,59C6,E5A786
3624,母,C4B8,6BCD,E6AF8D
3625,墓,C4B9,5893,E5A293
3626,暮,C4BA,66AE,E69AAE
3627,幕,C4BB,5E55,E5B995
3628,募,C4BC,52DF,E58B9F
3629,慕,C4BD,6155,E68595
3630,木,C4BE,6728,E69CA8
3631,目,C4BF,76EE,E79BAE
3632,睦,C4C0,7766,E79DA6
3633,牧,C4C1,7267,E789A7
3634,穆,C4C2,7A46,E7A986
3635,拿,C4C3,62FF,E68BBF
3636,哪,C4C4,54EA,E593AA
3637,呐,C4C5,5450,E59190
3638,钠,C4C6,94A0,E992A0
3639,那,C4C7,90A3,E982A3
3640,娜,C4C8,5A1C,E5A89C
3641,纳,C4C9,7EB3,E7BAB3
3642,氖,C4CA,6C16,E6B096
3643,乃,C4CB,4E43,E4B983
3644,奶,C4CC,5976,E5A5B6
3645,耐,C4CD,8010,E88090
3646,奈,C4CE,5948,E5A588
3647,南,C4CF,5357,E58D97
3648,男,C4D0,7537,E794B7
3649,难,C4D1,96BE,E99ABE
3650,囊,C4D2,56CA,E59B8A
3651,挠,C4D3,6320,E68CA0
3652,脑,C4D4,8111,E88491
3653,恼,C4D5,607C,E681BC
3654,闹,C4D6,95F9,E997B9
3655,淖,C4D7,6DD6,E6B796
3656,呢,C4D8,5462,E591A2
3657,馁,C4D9,9981,E9A681
3658,内,C4DA,5185,E58685
3659,嫩,C4DB,5AE9,E5ABA9
3660,能,C4DC,80FD,E883BD
3661,妮,C4DD,59AE,E5A6AE
3662,霓,C4DE,9713,E99C93
3663,倪,C4DF,502A,E580AA
3664,泥,C4E0,6CE5,E6B3A5
3665,尼,C4E1,5C3C,E5B0BC
3666,拟,C4E2,62DF,E68B9F
3667,你,C4E3,4F60,E4BDA0
3668,匿,C4E4,533F,E58CBF
3669,腻,C4E5,817B,E885BB
3670,逆,C4E6,9006,E98086
3671,溺,C4E7,6EBA,E6BABA
3672,蔫,C4E8,852B,E894AB
3673,拈,C4E9,62C8,E68B88
3674,年,C4EA,5E74,E5B9B4
3675,碾,C4EB,78BE,E7A2BE
3676,撵,C4EC,64B5,E692B5
3677,捻,C4ED,637B,E68DBB
3678,念,C4EE,5FF5,E5BFB5
3679,娘,C4EF,5A18,E5A898
3680,酿,C4F0,917F,E985BF
3681,鸟,C4F1,9E1F,E9B89F
3682,尿,C4F2,5C3F,E5B0BF
3683,捏,C4F3,634F,E68D8F
3684,聂,C4F4,8042,E88182
3685,孽,C4F5,5B7D,E5ADBD
3686,啮,C4F6,556E,E595AE
3687,镊,C4F7,954A,E9958A
3688,镍,C4F8,954D,E9958D
3689,涅,C4F9,6D85,E6B685
3690,您,C4FA,60A8,E682A8
3691,柠,C4FB,67E0,E69FA0
3692,狞,C4FC,72DE,E78B9E
3693,凝,C4FD,51DD,E5879D
3694,宁,C4FE,5B81,E5AE81
3701,拧,C5A1,62E7,E68BA7
3702,泞,C5A2,6CDE,E6B39E
3703,牛,C5A3,725B,E7899B
3704,扭,C5A4,626D,E689AD
3705,钮,C5A5,94AE,E992AE
3706,纽,C5A6,7EBD,E7BABD
3707,脓,C5A7,8113,E88493
3708,浓,C5A8,6D53,E6B593
3709,农,C5A9,519C,E5869C
3710,弄,C5AA,5F04,E5BC84
3711,奴,C5AB,5974,E5A5B4
3712,努,C5AC,52AA,E58AAA
3713,怒,C5AD,6012,E68092
3714,女,C5AE,5973,E5A5B3
3715,暖,C5AF,6696,E69A96
3716,虐,C5B0,8650,E89990
3717,疟,C5B1,759F,E7969F
3718,挪,C5B2,632A,E68CAA
3719,懦,C5B3,61E6,E687A6
3720,糯,C5B4,7CEF,E7B3AF
3721,诺,C5B5,8BFA,E8AFBA
3722,哦,C5B6,54E6,E593A6
3723,欧,C5B7,6B27,E6ACA7
3724,鸥,C5B8,9E25,E9B8A5
3725,殴,C5B9,6BB4,E6AEB4
3726,藕,C5BA,85D5,E89795
3727,呕,C5BB,5455,E59195
3728,偶,C5BC,5076,E581B6
3729,沤,C5BD,6CA4,E6B2A4
3730,啪,C5BE,556A,E595AA
3731,趴,C5BF,8DB4,E8B6B4
3732,爬,C5C0,722C,E788AC
3733,帕,C5C1,5E15,E5B895
3734,怕,C5C2,6015,E68095
3735,琶,C5C3,7436,E790B6
3736,拍,C5C4,62CD,E68B8D
3737,排,C5C5,6392,E68E92
3738,牌,C5C6,724C,E7898C
3739,徘,C5C7,5F98,E5BE98
3740,湃,C5C8,6E43,E6B983
3741,派,C5C9,6D3E,E6B4BE
3742,攀,C5CA,6500,E69480
3743,潘,C5CB,6F58,E6BD98
3744,盘,C5CC,76D8,E79B98
3745,磐,C5CD,78D0,E7A390
3746,盼,C5CE,76FC,E79BBC
3747,畔,C5CF,7554,E79594
3748,判,C5D0,5224,E588A4
3749,叛,C5D1,53DB,E58F9B
3750,乓,C5D2,4E53,E4B993
3751,庞,C5D3,5E9E,E5BA9E
3752,旁,C5D4,65C1,E69781
3753,耪,C5D5,802A,E880AA
3754,胖,C5D6,80D6,E88396
3755,抛,C5D7,629B,E68A9B
3756,咆,C5D8,5486,E59286
3757,刨,C5D9,5228,E588A8
3758,炮,C5DA,70AE,E782AE
3759,袍,C5DB,888D,E8A28D
3760,跑,C5DC,8DD1,E8B791
3761,泡,C5DD,6CE1,E6B3A1
3762,呸,C5DE,5478,E591B8
3763,胚,C5DF,80DA,E8839A
3764,培,C5E0,57F9,E59FB9
3765,裴,C5E1,88F4,E8A3B4
3766,赔,C5E2,8D54,E8B594
3767,陪,C5E3,966A,E999AA
3768,配,C5E4,914D,E9858D
3769,佩,C5E5,4F69,E4BDA9
3770,沛,C5E6,6C9B,E6B29B
3771,喷,C5E7,55B7,E596B7
3772,盆,C5E8,76C6,E79B86
3773,砰,C5E9,7830,E7A0B0
3774,抨,C5EA,62A8,E68AA8
3775,烹,C5EB,70F9,E783B9
3776,澎,C5EC,6F8E,E6BE8E
3777,彭,C5ED,5F6D,E5BDAD
3778,蓬,C5EE,84EC,E893AC
3779,棚,C5EF,68DA,E6A39A
3780,硼,C5F0,787C,E7A1BC
3781,篷,C5F1,7BF7,E7AFB7
3782,膨,C5F2,81A8,E886A8
3783,朋,C5F3,670B,E69C8B
3784,鹏,C5F4,9E4F,E9B98F
3785,捧,C5F5,6367,E68DA7
3786,碰,C5F6,78B0,E7A2B0
3787,坯,C5F7,576F,E59DAF
3788,砒,C5F8,7812,E7A092
3789,霹,C5F9,9739,E99CB9
3790,批,C5FA,6279,E689B9
3791,披,C5FB,62AB,E68AAB
3792,劈,C5FC,5288,E58A88
3793,琵,C5FD,7435,E790B5
3794,毗,C5FE,6BD7,E6AF97
3801,啤,C6A1,5564,E595A4
3802,脾,C6A2,813E,E884BE
3803,疲,C6A3,75B2,E796B2
3804,皮,C6A4,76AE,E79AAE
3805,匹,C6A5,5339,E58CB9
3806,痞,C6A6,75DE,E7979E
3807,僻,C6A7,50FB,E583BB
3808,屁,C6A8,5C41,E5B181
3809,譬,C6A9,8B6C,E8ADAC
3810,篇,C6AA,7BC7,E7AF87
3811,偏,C6AB,504F,E5818F
3812,片,C6AC,7247,E78987
3813,骗,C6AD,9A97,E9AA97
3814,飘,C6AE,98D8,E9A398
3815,漂,C6AF,6F02,E6BC82
3816,瓢,C6B0,74E2,E793A2
3817,票,C6B1,7968,E7A5A8
3818,撇,C6B2,6487,E69287
3819,瞥,C6B3,77A5,E79EA5
3820,拼,C6B4,62FC,E68BBC
3821,频,C6B5,9891,E9A291
3822,贫,C6B6,8D2B,E8B4AB
3823,品,C6B7,54C1,E59381
3824,聘,C6B8,8058,E88198
3825,乒,C6B9,4E52,E4B992
3826,坪,C6BA,576A,E59DAA
3827,苹,C6BB,82F9,E88BB9
3828,萍,C6BC,840D,E8908D
3829,平,C6BD,5E73,E5B9B3
3830,凭,C6BE,51ED,E587AD
3831,瓶,C6BF,74F6,E793B6
3832,评,C6C0,8BC4,E8AF84
3833,屏,C6C1,5C4F,E5B18F
3834,坡,C6C2,5761,E59DA1
3835,泼,C6C3,6CFC,E6B3BC
3836,颇,C6C4,9887,E9A287
3837,婆,C6C5,5A46,E5A986
3838,破,C6C6,7834,E7A0B4
3839,魄,C6C7,9B44,E9AD84
3840,迫,C6C8,8FEB,E8BFAB
3841,粕,C6C9,7C95,E7B295
3842,剖,C6CA,5256,E58996
3843,扑,C6CB,6251,E68991
3844,铺,C6CC,94FA,E993BA
3845,仆,C6CD,4EC6,E4BB86
3846,莆,C6CE,8386,E88E86
3847,葡,C6CF,8461,E891A1
3848,菩,C6D0,83E9,E88FA9
3849,蒲,C6D1,84B2,E892B2
3850,埔,C6D2,57D4,E59F94
3851,朴,C6D3,6734,E69CB4
3852,圃,C6D4,5703,E59C83
3853,普,C6D5,666E,E699AE
3854,浦,C6D6,6D66,E6B5A6
3855,谱,C6D7,8C31,E8B0B1
3856,曝,C6D8,66DD,E69B9D
3857,瀑,C6D9,7011,E78091
3858,期,C6DA,671F,E69C9F
3859,欺,C6DB,6B3A,E6ACBA
3860,栖,C6DC,6816,E6A096
3861,戚,C6DD,621A,E6889A
3862,妻,C6DE,59BB,E5A6BB
3863,七,C6DF,4E03,E4B883
3864,凄,C6E0,51C4,E58784
3865,漆,C6E1,6F06,E6BC86
3866,柒,C6E2,67D2,E69F92
3867,沏,C6E3,6C8F,E6B28F
3868,其,C6E4,5176,E585B6
3869,棋,C6E5,68CB,E6A38B
3870,奇,C6E6,5947,E5A587
3871,歧,C6E7,6B67,E6ADA7
3872,畦,C6E8,7566,E795A6
3873,崎,C6E9,5D0E,E5B48E
3874,脐,C6EA,8110,E88490
3875,齐,C6EB,9F50,E9BD90
3876,旗,C6EC,65D7,E69797
3877,祈,C6ED,7948,E7A588
3878,祁,C6EE,7941,E7A581
3879,骑,C6EF,9A91,E9AA91
3880,起,C6F0,8D77,E8B5B7
3881,岂,C6F1,5C82,E5B282
3882,乞,C6F2,4E5E,E4B99E
3883,企,C6F3,4F01,E4BC81
3884,启,C6F4,542F,E590AF
3885,契,C6F5,5951,E5A591
3886,砌,C6F6,780C,E7A08C
3887,器,C6F7,5668,E599A8
3888,气,C6F8,6C14,E6B094
3889,迄,C6F9,8FC4,E8BF84
3890,弃,C6FA,5F03,E5BC83
3891,汽,C6FB,6C7D,E6B1BD
3892,泣,C6FC,6CE3,E6B3A3
3893,讫,C6FD,8BAB,E8AEAB
3894,掐,C6FE,6390,E68E90
3901,恰,C7A1,6070,E681B0
3902,洽,C7A2,6D3D,E6B4BD
3903,牵,C7A3,7275,E789B5
3904,扦,C7A4,6266,E689A6
3905,钎,C7A5,948E,E9928E
3906,铅,C7A6,94C5,E99385
3907,千,C7A7,5343,E58D83
3908,迁,C7A8,8FC1,E8BF81
3909,签,C7A9,7B7E,E7ADBE
3910,仟,C7AA,4EDF,E4BB9F
3911,谦,C7AB,8C26,E8B0A6
3912,乾,C7AC,4E7E,E4B9BE
3913,黔,C7AD,9ED4,E9BB94
3914,钱,C7AE,94B1,E992B1
3915,钳,C7AF,94B3,E992B3
3916,前,C7B0,524D,E5898D
3917,潜,C7B1,6F5C,E6BD9C
3918,遣,C7B2,9063,E981A3
3919,浅,C7B3,6D45,E6B585
3920,谴,C7B4,8C34,E8B0B4
3921,堑,C7B5,5811,E5A091
3922,嵌,C7B6,5D4C,E5B58C
3923,欠,C7B7,6B20,E6ACA0
3924,歉,C7B8,6B49,E6AD89
3925,枪,C7B9,67AA,E69EAA
3926,呛,C7BA,545B,E5919B
3927,腔,C7BB,8154,E88594
3928,羌,C7BC,7F8C,E7BE8C
3929,墙,C7BD,5899,E5A299
3930,蔷,C7BE,8537,E894B7
3931,强,C7BF,5F3A,E5BCBA
3932,抢,C7C0,62A2,E68AA2
3933,橇,C7C1,6A47,E6A987
3934,锹,C7C2,9539,E994B9
3935,敲,C7C3,6572,E695B2
3936,悄,C7C4,6084,E68284
3937,桥,C7C5,6865,E6A1A5
3938,瞧,C7C6,77A7,E79EA7
3939,乔,C7C7,4E54,E4B994
3940,侨,C7C8,4FA8,E4BEA8
3941,巧,C7C9,5DE7,E5B7A7
3942,鞘,C7CA,9798,E99E98
3943,撬,C7CB,64AC,E692AC
3944,翘,C7CC,7FD8,E7BF98
3945,峭,C7CD,5CED,E5B3AD
3946,俏,C7CE,4FCF,E4BF8F
3947,窍,C7CF,7A8D,E7AA8D
3948,切,C7D0,5207,E58887
3949,茄,C7D1,8304,E88C84
3950,且,C7D2,4E14,E4B894
3951,怯,C7D3,602F,E680AF
3952,窃,C7D4,7A83,E7AA83
3953,钦,C7D5,94A6,E992A6
3954,侵,C7D6,4FB5,E4BEB5
3955,亲,C7D7,4EB2,E4BAB2
3956,秦,C7D8,79E6,E7A7A6
3957,琴,C7D9,7434,E790B4
3958,勤,C7DA,52E4,E58BA4
3959,芹,C7DB,82B9,E88AB9
3960,擒,C7DC,64D2,E69392
3961,禽,C7DD,79BD,E7A6BD
3962,寝,C7DE,5BDD,E5AF9D
3963,沁,C7DF,6C81,E6B281
3964,青,C7E0,9752,E99D92
3965,轻,C7E1,8F7B,E8BDBB
3966,氢,C7E2,6C22,E6B0A2
3967,倾,C7E3,503E,E580BE
3968,卿,C7E4,537F,E58DBF
3969,清,C7E5,6E05,E6B885
3970,擎,C7E6,64CE,E6938E
3971,晴,C7E7,6674,E699B4
3972,氰,C7E8,6C30,E6B0B0
3973,情,C7E9,60C5,E68385
3974,顷,C7EA,9877,E9A1B7
3975,请,C7EB,8BF7,E8AFB7
3976,庆,C7EC,5E86,E5BA86
3977,琼,C7ED,743C,E790BC
3978,穷,C7EE,7A77,E7A9B7
3979,秋,C7EF,79CB,E7A78B
3980,丘,C7F0,4E18,E4B898
3981,邱,C7F1,90B1,E982B1
3982,球,C7F2,7403,E79083
3983,求,C7F3,6C42,E6B182
3984,囚,C7F4,56DA,E59B9A
3985,酋,C7F5,914B,E9858B
3986,泅,C7F6,6CC5,E6B385
3987,趋,C7F7,8D8B,E8B68B
3988,区,C7F8,533A,E58CBA
3989,蛆,C7F9,86C6,E89B86
3990,曲,C7FA,66F2,E69BB2
3991,躯,C7FB,8EAF,E8BAAF
3992,屈,C7FC,5C48,E5B188
3993,驱,C7FD,9A71,E9A9B1
3994,渠,C7FE,6E20,E6B8A0
4001,取,C8A1,53D6,E58F96
4002,娶,C8A2,5A36,E5A8B6
4003,龋,C8A3,9F8B,E9BE8B
4004,趣,C8A4,8DA3,E8B6A3
4005,去,C8A5,53BB,E58EBB
4006,圈,C8A6,5708,E59C88
4007,颧,C8A7,98A7,E9A2A7
4008,权,C8A8,6743,E69D83
4009,醛,C8A9,919B,E9869B
4010,泉,C8AA,6CC9,E6B389
4011,全,C8AB,5168,E585A8
4012,痊,C8AC,75CA,E7978A
4013,拳,C8AD,62F3,E68BB3
4014,犬,C8AE,72AC,E78AAC
4015,券,C8AF,5238,E588B8
4016,劝,C8B0,529D,E58A9D
4017,缺,C8B1,7F3A,E7BCBA
4018,炔,C8B2,7094,E78294
4019,瘸,C8B3,7638,E798B8
4020,却,C8B4,5374,E58DB4
4021,鹊,C8B5,9E4A,E9B98A
4022,榷,C8B6,69B7,E6A6B7
4023,确,C8B7,786E,E7A1AE
4024,雀,C8B8,96C0,E99B80
4025,裙,C8B9,88D9,E8A399
4026,群,C8BA,7FA4,E7BEA4
4027,然,C8BB,7136,E784B6
4028,燃,C8BC,71C3,E78783
4029,冉,C8BD,5189,E58689
4030,染,C8BE,67D3,E69F93
4031,瓤,C8BF,74E4,E793A4
4032,壤,C8C0,58E4,E5A3A4
4033,攘,C8C1,6518,E69498
4034,嚷,C8C2,56B7,E59AB7
4035,让,C8C3,8BA9,E8AEA9
4036,饶,C8C4,9976,E9A5B6
4037,扰,C8C5,6270,E689B0
4038,绕,C8C6,7ED5,E7BB95
4039,惹,C8C7,60F9,E683B9
4040,热,C8C8,70ED,E783AD
4041,壬,C8C9,58EC,E5A3AC
4042,仁,C8CA,4EC1,E4BB81
4043,人,C8CB,4EBA,E4BABA
4044,忍,C8CC,5FCD,E5BF8D
4045,韧,C8CD,97E7,E99FA7
4046,任,C8CE,4EFB,E4BBBB
4047,认,C8CF,8BA4,E8AEA4
4048,刃,C8D0,5203,E58883
4049,妊,C8D1,598A,E5A68A
4050,纫,C8D2,7EAB,E7BAAB
4051,扔,C8D3,6254,E68994
4052,仍,C8D4,4ECD,E4BB8D
4053,日,C8D5,65E5,E697A5
4054,戎,C8D6,620E,E6888E
4055,茸,C8D7,8338,E88CB8
4056,蓉,C8D8,84C9,E89389
4057,荣,C8D9,8363,E88DA3
4058,融,C8DA,878D,E89E8D
4059,熔,C8DB,7194,E78694
4060,溶,C8DC,6EB6,E6BAB6
4061,容,C8DD,5BB9,E5AEB9
4062,绒,C8DE,7ED2,E7BB92
4063,冗,C8DF,5197,E58697
4064,揉,C8E0,63C9,E68F89
4065,柔,C8E1,67D4,E69F94
4066,肉,C8E2,8089,E88289
4067,茹,C8E3,8339,E88CB9
4068,蠕,C8E4,8815,E8A095
4069,儒,C8E5,5112,E58492
4070,孺,C8E6,5B7A,E5ADBA
4071,如,C8E7,5982,E5A682
4072,辱,C8E8,8FB1,E8BEB1
4073,乳,C8E9,4E73,E4B9B3
4074,汝,C8EA,6C5D,E6B19D
4075,入,C8EB,5165,E585A5
4076,褥,C8EC,8925,E8A4A5
4077,软,C8ED,8F6F,E8BDAF
4078,阮,C8EE,962E,E998AE
4079,蕊,C8EF,854A,E8958A
4080,瑞,C8F0,745E,E7919E
4081,锐,C8F1,9510,E99490
4082,闰,C8F2,95F0,E997B0
4083,润,C8F3,6DA6,E6B6A6
4084,若,C8F4,82E5,E88BA5
4085,弱,C8F5,5F31,E5BCB1
4086,撒,C8F6,6492,E69292
4087,洒,C8F7,6D12,E6B492
4088,萨,C8F8,8428,E890A8
4089,腮,C8F9,816E,E885AE
4090,鳃,C8FA,9CC3,E9B383
4091,塞,C8FB,585E,E5A19E
4092,赛,C8FC,8D5B,E8B59B
4093,三,C8FD,4E09,E4B889
4094,叁,C8FE,53C1,E58F81
4101,伞,C9A1,4F1E,E4BC9E
4102,散,C9A2,6563,E695A3
4103,桑,C9A3,6851,E6A191
4104,嗓,C9A4,55D3,E59793
4105,丧,C9A5,4E27,E4B8A7
4106,搔,C9A6,6414,E69094
4107,骚,C9A7,9A9A,E9AA9A
4108,扫,C9A8,626B,E689AB
4109,嫂,C9A9,5AC2,E5AB82
4110,瑟,C9AA,745F,E7919F
4111,色,C9AB,8272,E889B2
4112,涩,C9AC,6DA9,E6B6A9
4113,森,C9AD,68EE,E6A3AE
4114,僧,C9AE,50E7,E583A7
4115,莎,C9AF,838E,E88E8E
4116,砂,C9B0,7802,E7A082
4117,杀,C9B1,6740,E69D80
4118,刹,C9B2,5239,E588B9
4119,沙,C9B3,6C99,E6B299
4120,纱,C9B4,7EB1,E7BAB1
4121,傻,C9B5,50BB,E582BB
4122,啥,C9B6,5565,E595A5
4123,煞,C9B7,715E,E7859E
4124,筛,C9B8,7B5B,E7AD9B
4125,晒,C9B9,6652,E69992
4126,珊,C9BA,73CA,E78F8A
4127,苫,C9BB,82EB,E88BAB
4128,杉,C9BC,6749,E69D89
4129,山,C9BD,5C71,E5B1B1
4130,删,C9BE,5220,E588A0
4131,煽,C9BF,717D,E785BD
4132,衫,C9C0,886B,E8A1AB
4133,闪,C9C1,95EA,E997AA
4134,陕,C9C2,9655,E99995
4135,擅,C9C3,64C5,E69385
4136,赡,C9C4,8D61,E8B5A1
4137,膳,C9C5,81B3,E886B3
4138,善,C9C6,5584,E59684
4139,汕,C9C7,6C55,E6B195
4140,扇,C9C8,6247,E68987
4141,缮,C9C9,7F2E,E7BCAE
4142,墒,C9CA,5892,E5A292
4143,伤,C9CB,4F24,E4BCA4
4144,商,C9CC,5546,E59586
4145,赏,C9CD,8D4F,E8B58F
4146,晌,C9CE,664C,E6998C
4147,上,C9CF,4E0A,E4B88A
4148,尚,C9D0,5C1A,E5B09A
4149,裳,C9D1,88F3,E8A3B3
4150,梢,C9D2,68A2,E6A2A2
4151,捎,C9D3,634E,E68D8E
4152,稍,C9D4,7A0D,E7A88D
4153,烧,C9D5,70E7,E783A7
4154,芍,C9D6,828D,E88A8D
4155,勺,C9D7,52FA,E58BBA
4156,韶,C9D8,97F6,E99FB6
4157,少,C9D9,5C11,E5B091
4158,哨,C9DA,54E8,E593A8
4159,邵,C9DB,90B5,E982B5
4160,绍,C9DC,7ECD,E7BB8D
4161,奢,C9DD,5962,E5A5A2
4162,赊,C9DE,8D4A,E8B58A
4163,蛇,C9DF,86C7,E89B87
4164,舌,C9E0,820C,E8888C
4165,舍,C9E1,820D,E8888D
4166,赦,C9E2,8D66,E8B5A6
4167,摄,C9E3,6444,E69184
4168,射,C9E4,5C04,E5B084
4169,慑,C9E5,6151,E68591
4170,涉,C9E6,6D89,E6B689
4171,社,C9E7,793E,E7A4BE
4172,设,C9E8,8BBE,E8AEBE
4173,砷,C9E9,7837,E7A0B7
4174,申,C9EA,7533,E794B3
4175,呻,C9EB,547B,E591BB
4176,伸,C9EC,4F38,E4BCB8
4177,身,C9ED,8EAB,E8BAAB
4178,深,C9EE,6DF1,E6B7B1
4179,娠,C9EF,5A20,E5A8A0
4180,绅,C9F0,7EC5,E7BB85
4181,神,C9F1,795E,E7A59E
4182,沈,C9F2,6C88,E6B288
4183,审,C9F3,5BA1,E5AEA1
4184,婶,C9F4,5A76,E5A9B6
4185,甚,C9F5,751A,E7949A
4186,肾,C9F6,80BE,E882BE
4187,慎,C9F7,614E,E6858E
4188,渗,C9F8,6E17,E6B897
4189,声,C9F9,58F0,E5A3B0
4190,生,C9FA,751F,E7949F
4191,甥,C9FB,7525,E794A5
4192,牲,C9FC,7272,E789B2
4193,升,C9FD,5347,E58D87
4194,绳,C9FE,7EF3,E7BBB3
4201,省,CAA1,7701,E79C81
4202,盛,CAA2,76DB,E79B9B
4203,剩,CAA3,5269,E589A9
4204,胜,CAA4,80DC,E8839C
4205,圣,CAA5,5723,E59CA3
4206,师,CAA6,5E08,E5B888
4207,失,CAA7,5931,E5A4B1
4208,狮,CAA8,72EE,E78BAE
4209,施,CAA9,65BD,E696BD
4210,湿,CAAA,6E7F,E6B9BF
4211,诗,CAAB,8BD7,E8AF97
4212,尸,CAAC,5C38,E5B0B8
4213,虱,CAAD,8671,E899B1
4214,十,CAAE,5341,E58D81
4215,石,CAAF,77F3,E79FB3
4216,拾,CAB0,62FE,E68BBE
4217,时,CAB1,65F6,E697B6
4218,什,CAB2,4EC0,E4BB80
4219,食,CAB3,98DF,E9A39F
4220,蚀,CAB4,8680,E89A80
4221,实,CAB5,5B9E,E5AE9E
4222,识,CAB6,8BC6,E8AF86
4223,史,CAB7,53F2,E58FB2
4224,矢,CAB8,77E2,E79FA2
4225,使,CAB9,4F7F,E4BDBF
4226,屎,CABA,5C4E,E5B18E
4227,驶,CABB,9A76,E9A9B6
4228,始,CABC,59CB,E5A78B
4229,式,CABD,5F0F,E5BC8F
4230,示,CABE,793A,E7A4BA
4231,士,CABF,58EB,E5A3AB
4232,世,CAC0,4E16,E4B896
4233,柿,CAC1,67FF,E69FBF
4234,事,CAC2,4E8B,E4BA8B
4235,拭,CAC3,62ED,E68BAD
4236,誓,CAC4,8A93,E8AA93
4237,逝,CAC5,901D,E9809D
4238,势,CAC6,52BF,E58ABF
4239,是,CAC7,662F,E698AF
4240,嗜,CAC8,55DC,E5979C
4241,噬,CAC9,566C,E599AC
4242,适,CACA,9002,E98082
4243,仕,CACB,4ED5,E4BB95
4244,侍,CACC,4F8D,E4BE8D
4245,释,CACD,91CA,E9878A
4246,饰,CACE,9970,E9A5B0
4247,氏,CACF,6C0F,E6B08F
4248,市,CAD0,5E02,E5B882
4249,恃,CAD1,6043,E68183
4250,室,CAD2,5BA4,E5AEA4
4251,视,CAD3,89C6,E8A786
4252,试,CAD4,8BD5,E8AF95
4253,收,CAD5,6536,E694B6
4254,手,CAD6,624B,E6898B
4255,首,CAD7,9996,E9A696
4256,守,CAD8,5B88,E5AE88
4257,寿,CAD9,5BFF,E5AFBF
4258,授,CADA,6388,E68E88
4259,售,CADB,552E,E594AE
4260,受,CADC,53D7,E58F97
4261,瘦,CADD,7626,E798A6
4262,兽,CADE,517D,E585BD
4263,蔬,CADF,852C,E894AC
4264,枢,CAE0,67A2,E69EA2
4265,梳,CAE1,68B3,E6A2B3
4266,殊,CAE2,6B8A,E6AE8A
4267,抒,CAE3,6292,E68A92
4268,输,CAE4,8F93,E8BE93
4269,叔,CAE5,53D4,E58F94
4270,舒,CAE6,8212,E88892
4271,淑,CAE7,6DD1,E6B791
4272,疏,CAE8,758F,E7968F
4273,书,CAE9,4E66,E4B9A6
4274,赎,CAEA,8D4E,E8B58E
4275,孰,CAEB,5B70,E5ADB0
4276,熟,CAEC,719F,E7869F
4277,薯,CAED,85AF,E896AF
4278,暑,CAEE,6691,E69A91
4279,曙,CAEF,66D9,E69B99
4280,署,CAF0,7F72,E7BDB2
4281,蜀,CAF1,8700,E89C80
4282,黍,CAF2,9ECD,E9BB8D
4283,鼠,CAF3,9F20,E9BCA0
4284,属,CAF4,5C5E,E5B19E
4285,术,CAF5,672F,E69CAF
4286,述,CAF6,8FF0,E8BFB0
4287,树,CAF7,6811,E6A091
4288,束,CAF8,675F,E69D9F
4289,戍,CAF9,620D,E6888D
4290,竖,CAFA,7AD6,E7AB96
4291,墅,CAFB,5885,E5A285
4292,庶,CAFC,5EB6,E5BAB6
4293,数,CAFD,6570,E695B0
4294,漱,CAFE,6F31,E6BCB1
4301,恕,CBA1,6055,E68195
4302,刷,CBA2,5237,E588B7
4303,耍,CBA3,800D,E8808D
4304,摔,CBA4,6454,E69194
4305,衰,CBA5,8870,E8A1B0
4306,甩,CBA6,7529,E794A9
4307,帅,CBA7,5E05,E5B885
4308,栓,CBA8,6813,E6A093
4309,拴,CBA9,62F4,E68BB4
4310,霜,CBAA,971C,E99C9C
4311,双,CBAB,53CC,E58F8C
4312,爽,CBAC,723D,E788BD
4313,谁,CBAD,8C01,E8B081
4314,水,CBAE,6C34,E6B0B4
4315,睡,CBAF,7761,E79DA1
4316,税,CBB0,7A0E,E7A88E
4317,吮,CBB1,542E,E590AE
4318,瞬,CBB2,77AC,E79EAC
4319,顺,CBB3,987A,E9A1BA
4320,舜,CBB4,821C,E8889C
4321,说,CBB5,8BF4,E8AFB4
4322,硕,CBB6,7855,E7A195
4323,朔,CBB7,6714,E69C94
4324,烁,CBB8,70C1,E78381
4325,斯,CBB9,65AF,E696AF
4326,撕,CBBA,6495,E69295
4327,嘶,CBBB,5636,E598B6
4328,思,CBBC,601D,E6809D
4329,私,CBBD,79C1,E7A781
4330,司,CBBE,53F8,E58FB8
4331,丝,CBBF,4E1D,E4B89D
4332,死,CBC0,6B7B,E6ADBB
4333,肆,CBC1,8086,E88286
4334,寺,CBC2,5BFA,E5AFBA
4335,嗣,CBC3,55E3,E597A3
4336,四,CBC4,56DB,E59B9B
4337,伺,CBC5,4F3A,E4BCBA
4338,似,CBC6,4F3C,E4BCBC
4339,饲,CBC7,9972,E9A5B2
4340,巳,CBC8,5DF3,E5B7B3
4341,松,CBC9,677E,E69DBE
4342,耸,CBCA,8038,E880B8
4343,怂,CBCB,6002,E68082
4344,颂,CBCC,9882,E9A282
4345,送,CBCD,9001,E98081
4346,宋,CBCE,5B8B,E5AE8B
4347,讼,CBCF,8BBC,E8AEBC
4348,诵,CBD0,8BF5,E8AFB5
4349,搜,CBD1,641C,E6909C
4350,艘,CBD2,8258,E88998
4351,擞,CBD3,64DE,E6939E
4352,嗽,CBD4,55FD,E597BD
4353,苏,CBD5,82CF,E88B8F
4354,酥,CBD6,9165,E985A5
4355,俗,CBD7,4FD7,E4BF97
4356,素,CBD8,7D20,E7B4A0
4357,速,CBD9,901F,E9809F
4358,粟,CBDA,7C9F,E7B29F
4359,僳,CBDB,50F3,E583B3
4360,塑,CBDC,5851,E5A191
4361,溯,CBDD,6EAF,E6BAAF
4362,宿,CBDE,5BBF,E5AEBF
4363,诉,CBDF,8BC9,E8AF89
4364,肃,CBE0,8083,E88283
4365,酸,CBE1,9178,E985B8
4366,蒜,CBE2,849C,E8929C
4367,算,CBE3,7B97,E7AE97
4368,虽,CBE4,867D,E899BD
4369,隋,CBE5,968B,E99A8B
4370,随,CBE6,968F,E99A8F
4371,绥,CBE7,7EE5,E7BBA5
4372,髓,CBE8,9AD3,E9AB93
4373,碎,CBE9,788E,E7A28E
4374,岁,CBEA,5C81,E5B281
4375,穗,CBEB,7A57,E7A997
4376,遂,CBEC,9042,E98182
4377,隧,CBED,96A7,E99AA7
4378,祟,CBEE,795F,E7A59F
4379,孙,CBEF,5B59,E5AD99
4380,损,CBF0,635F,E68D9F
4381,笋,CBF1,7B0B,E7AC8B
4382,蓑,CBF2,84D1,E89391
4383,梭,CBF3,68AD,E6A2AD
4384,唆,CBF4,5506,E59486
4385,缩,CBF5,7F29,E7BCA9
4386,琐,CBF6,7410,E79090
4387,索,CBF7,7D22,E7B4A2
4388,锁,CBF8,9501,E99481
4389,所,CBF9,6240,E68980
4390,塌,CBFA,584C,E5A18C
4391,他,CBFB,4ED6,E4BB96
4392,它,CBFC,5B83,E5AE83
4393,她,CBFD,5979,E5A5B9
4394,塔,CBFE,5854,E5A194
4401,獭,CCA1,736D,E78DAD
4402,挞,CCA2,631E,E68C9E
4403,蹋,CCA3,8E4B,E8B98B
4404,踏,CCA4,8E0F,E8B88F
4405,胎,CCA5,80CE,E8838E
4406,苔,CCA6,82D4,E88B94
4407,抬,CCA7,62AC,E68AAC
4408,台,CCA8,53F0,E58FB0
4409,泰,CCA9,6CF0,E6B3B0
4410,酞,CCAA,915E,E9859E
4411,太,CCAB,592A,E5A4AA
4412,态,CCAC,6001,E68081
4413,汰,CCAD,6C70,E6B1B0
4414,坍,CCAE,574D,E59D8D
4415,摊,CCAF,644A,E6918A
4416,贪,CCB0,8D2A,E8B4AA
4417,瘫,CCB1,762B,E798AB
4418,滩,CCB2,6EE9,E6BBA9
4419,坛,CCB3,575B,E59D9B
4420,檀,CCB4,6A80,E6AA80
4421,痰,CCB5,75F0,E797B0
4422,潭,CCB6,6F6D,E6BDAD
4423,谭,CCB7,8C2D,E8B0AD
4424,谈,CCB8,8C08,E8B088
4425,坦,CCB9,5766,E59DA6
4426,毯,CCBA,6BEF,E6AFAF
4427,袒,CCBB,8892,E8A292
4428,碳,CCBC,78B3,E7A2B3
4429,探,CCBD,63A2,E68EA2
4430,叹,CCBE,53F9,E58FB9
4431,炭,CCBF,70AD,E782AD
4432,汤,CCC0,6C64,E6B1A4
4433,塘,CCC1,5858,E5A198
4434,搪,CCC2,642A,E690AA
4435,堂,CCC3,5802,E5A082
4436,棠,CCC4,68E0,E6A3A0
4437,膛,CCC5,819B,E8869B
4438,唐,CCC6,5510,E59490
4439,糖,CCC7,7CD6,E7B396
4440,倘,CCC8,5018,E58098
4441,躺,CCC9,8EBA,E8BABA
4442,淌,CCCA,6DCC,E6B78C
4443,趟,CCCB,8D9F,E8B69F
4444,烫,CCCC,70EB,E783AB
4445,掏,CCCD,638F,E68E8F
4446,涛,CCCE,6D9B,E6B69B
4447,滔,CCCF,6ED4,E6BB94
4448,绦,CCD0,7EE6,E7BBA6
4449,萄,CCD1,8404,E89084
4450,桃,CCD2,6843,E6A183
4451,逃,CCD3,9003,E98083
4452,淘,CCD4,6DD8,E6B798
4453,陶,CCD5,9676,E999B6
4454,讨,CCD6,8BA8,E8AEA8
4455,套,CCD7,5957,E5A597
4456,特,CCD8,7279,E789B9
4457,藤,CCD9,85E4,E897A4
4458,腾,CCDA,817E,E885BE
4459,疼,CCDB,75BC,E796BC
4460,誊,CCDC,8A8A,E8AA8A
4461,梯,CCDD,68AF,E6A2AF
4462,剔,CCDE,5254,E58994
4463,踢,CCDF,8E22,E8B8A2
4464,锑,CCE0,9511,E99491
4465,提,CCE1,63D0,E68F90
4466,题,CCE2,9898,E9A298
4467,蹄,CCE3,8E44,E8B984
4468,啼,CCE4,557C,E595BC
4469,体,CCE5,4F53,E4BD93
4470,替,CCE6,66FF,E69BBF
4471,嚏,CCE7,568F,E59A8F
4472,惕,CCE8,60D5,E68395
4473,涕,CCE9,6D95,E6B695
4474,剃,CCEA,5243,E58983
4475,屉,CCEB,5C49,E5B189
4476,天,CCEC,5929,E5A4A9
4477,添,CCED,6DFB,E6B7BB
4478,填,CCEE,586B,E5A1AB
4479,田,CCEF,7530,E794B0
4480,甜,CCF0,751C,E7949C
4481,恬,CCF1,606C,E681AC
4482,舔,CCF2,8214,E88894
4483,腆,CCF3,8146,E88586
4484,挑,CCF4,6311,E68C91
4485,条,CCF5,6761,E69DA1
4486,迢,CCF6,8FE2,E8BFA2
4487,眺,CCF7,773A,E79CBA
4488,跳,CCF8,8DF3,E8B7B3
4489,贴,CCF9,8D34,E8B4B4
4490,铁,CCFA,94C1,E99381
4491,帖,CCFB,5E16,E5B896
4492,厅,CCFC,5385,E58E85
4493,听,CCFD,542C,E590AC
4494,烃,CCFE,70C3,E78383
4501,汀,CDA1,6C40,E6B180
4502,廷,CDA2,5EF7,E5BBB7
4503,停,CDA3,505C,E5819C
4504,亭,CDA4,4EAD,E4BAAD
4505,庭,CDA5,5EAD,E5BAAD
4506,挺,CDA6,633A,E68CBA
4507,艇,CDA7,8247,E88987
4508,通,CDA8,901A,E9809A
4509,桐,CDA9,6850,E6A190
4510,酮,CDAA,916E,E985AE
4511,瞳,CDAB,77B3,E79EB3
4512,同,CDAC,540C,E5908C
4513,铜,CDAD,94DC,E9939C
4514,彤,CDAE,5F64,E5BDA4
4515,童,CDAF,7AE5,E7ABA5
4516,桶,CDB0,6876,E6A1B6
4517,捅,CDB1,6345,E68D85
4518,筒,CDB2,7B52,E7AD92
4519,统,CDB3,7EDF,E7BB9F
4520,痛,CDB4,75DB,E7979B
4521,偷,CDB5,5077,E581B7
4522,投,CDB6,6295,E68A95
4523,头,CDB7,5934,E5A4B4
4524,透,CDB8,900F,E9808F
4525,凸,CDB9,51F8,E587B8
4526,秃,CDBA,79C3,E7A783
4527,突,CDBB,7A81,E7AA81
4528,图,CDBC,56FE,E59BBE
4529,徒,CDBD,5F92,E5BE92
4530,途,CDBE,9014,E98094
4531,涂,CDBF,6D82,E6B682
4532,屠,CDC0,5C60,E5B1A0
4533,土,CDC1,571F,E59C9F
4534,吐,CDC2,5410,E59090
4535,兔,CDC3,5154,E58594
4536,湍,CDC4,6E4D,E6B98D
4537,团,CDC5,56E2,E59BA2
4538,推,CDC6,63A8,E68EA8
4539,颓,CDC7,9893,E9A293
4540,腿,CDC8,817F,E885BF
4541,蜕,CDC9,8715,E89C95
4542,褪,CDCA,892A,E8A4AA
4543,退,CDCB,9000,E98080
4544,吞,CDCC,541E,E5909E
4545,屯,CDCD,5C6F,E5B1AF
4546,臀,CDCE,81C0,E88780
4547,拖,CDCF,62D6,E68B96
4548,托,CDD0,6258,E68998
4549,脱,CDD1,8131,E884B1
4550,鸵,CDD2,9E35,E9B8B5
4551,陀,CDD3,9640,E99980
4552,驮,CDD4,9A6E,E9A9AE
4553,驼,CDD5,9A7C,E9A9BC
4554,椭,CDD6,692D,E6A4AD
4555,妥,CDD7,59A5,E5A6A5
4556,拓,CDD8,62D3,E68B93
4557,唾,CDD9,553E,E594BE
4558,挖,CDDA,6316,E68C96
4559,哇,CDDB,54C7,E59387
4560,蛙,CDDC,86D9,E89B99
4561,洼,CDDD,6D3C,E6B4BC
4562,娃,CDDE,5A03,E5A883
4563,瓦,CDDF,74E6,E793A6
4564,袜,CDE0,889C,E8A29C
4565,歪,CDE1,6B6A,E6ADAA
4566,外,CDE2,5916,E5A496
4567,豌,CDE3,8C4C,E8B18C
4568,弯,CDE4,5F2F,E5BCAF
4569,湾,CDE5,6E7E,E6B9BE
4570,玩,CDE6,73A9,E78EA9
4571,顽,CDE7,987D,E9A1BD
4572,丸,CDE8,4E38,E4B8B8
4573,烷,CDE9,70F7,E783B7
4574,完,CDEA,5B8C,E5AE8C
4575,碗,CDEB,7897,E7A297
4576,挽,CDEC,633D,E68CBD
4577,晚,CDED,665A,E6999A
4578,皖,CDEE,7696,E79A96
4579,惋,CDEF,60CB,E6838B
4580,宛,CDF0,5B9B,E5AE9B
4581,婉,CDF1,5A49,E5A989
4582,万,CDF2,4E07,E4B887
4583,腕,CDF3,8155,E88595
4584,汪,CDF4,6C6A,E6B1AA
4585,王,CDF5,738B,E78E8B
4586,亡,CDF6,4EA1,E4BAA1
4587,枉,CDF7,6789,E69E89
4588,网,CDF8,7F51,E7BD91
4589,往,CDF9,5F80,E5BE80
4590,旺,CDFA,65FA,E697BA
4591,望,CDFB,671B,E69C9B
4592,忘,CDFC,5FD8,E5BF98
4593,妄,CDFD,5984,E5A684
4594,威,CDFE,5A01,E5A881
4601,巍,CEA1,5DCD,E5B78D
4602,微,CEA2,5FAE,E5BEAE
4603,危,CEA3,5371,E58DB1
4604,韦,CEA4,97E6,E99FA6
4605,违,CEA5,8FDD,E8BF9D
4606,桅,CEA6,6845,E6A185
4607,围,CEA7,56F4,E59BB4
4608,唯,CEA8,552F,E594AF
4609,惟,CEA9,60DF,E6839F
4610,为,CEAA,4E3A,E4B8BA
4611,潍,CEAB,6F4D,E6BD8D
4612,维,CEAC,7EF4,E7BBB4
4613,苇,CEAD,82C7,E88B87
4614,萎,CEAE,840E,E8908E
4615,委,CEAF,59D4,E5A794
4616,伟,CEB0,4F1F,E4BC9F
4617,伪,CEB1,4F2A,E4BCAA
4618,尾,CEB2,5C3E,E5B0BE
4619,纬,CEB3,7EAC,E7BAAC
4620,未,CEB4,672A,E69CAA
4621,蔚,CEB5,851A,E8949A
4622,味,CEB6,5473,E591B3
4623,畏,CEB7,754F,E7958F
4624,胃,CEB8,80C3,E88383
4625,喂,CEB9,5582,E59682
4626,魏,CEBA,9B4F,E9AD8F
4627,位,CEBB,4F4D,E4BD8D
4628,渭,CEBC,6E2D,E6B8AD
4629,谓,CEBD,8C13,E8B093
4630,尉,CEBE,5C09,E5B089
4631,慰,CEBF,6170,E685B0
4632,卫,CEC0,536B,E58DAB
4633,瘟,CEC1,761F,E7989F
4634,温,CEC2,6E29,E6B8A9
4635,蚊,CEC3,868A,E89A8A
4636,文,CEC4,6587,E69687
4637,闻,CEC5,95FB,E997BB
4638,纹,CEC6,7EB9,E7BAB9
4639,吻,CEC7,543B,E590BB
4640,稳,CEC8,7A33,E7A8B3
4641,紊,CEC9,7D0A,E7B48A
4642,问,CECA,95EE,E997AE
4643,嗡,CECB,55E1,E597A1
4644,翁,CECC,7FC1,E7BF81
4645,瓮,CECD,74EE,E793AE
4646,挝,CECE,631D,E68C9D
4647,蜗,CECF,8717,E89C97
4648,涡,CED0,6DA1,E6B6A1
4649,窝,CED1,7A9D,E7AA9D
4650,我,CED2,6211,E68891
4651,斡,CED3,65A1,E696A1
4652,卧,CED4,5367,E58DA7
4653,握,CED5,63E1,E68FA1
4654,沃,CED6,6C83,E6B283
4655,巫,CED7,5DEB,E5B7AB
4656,呜,CED8,545C,E5919C
4657,钨,CED9,94A8,E992A8
4658,乌,CEDA,4E4C,E4B98C
4659,污,CEDB,6C61,E6B1A1
4660,诬,CEDC,8BEC,E8AFAC
4661,屋,CEDD,5C4B,E5B18B
4662,无,CEDE,65E0,E697A0
4663,芜,CEDF,829C,E88A9C
4664,梧,CEE0,68A7,E6A2A7
4665,吾,CEE1,543E,E590BE
4666,吴,CEE2,5434,E590B4
4667,毋,CEE3,6BCB,E6AF8B
4668,武,CEE4,6B66,E6ADA6
4669,五,CEE5,4E94,E4BA94
4670,捂,CEE6,6342,E68D82
4671,午,CEE7,5348,E58D88
4672,舞,CEE8,821E,E8889E
4673,伍,CEE9,4F0D,E4BC8D
4674,侮,CEEA,4FAE,E4BEAE
4675,坞,CEEB,575E,E59D9E
4676,戊,CEEC,620A,E6888A
4677,雾,CEED,96FE,E99BBE
4678,晤,CEEE,6664,E699A4
4679,物,CEEF,7269,E789A9
4680,勿,CEF0,52FF,E58BBF
4681,务,CEF1,52A1,E58AA1
4682,悟,CEF2,609F,E6829F
4683,误,CEF3,8BEF,E8AFAF
4684,昔,CEF4,6614,E69894
4685,熙,CEF5,7199,E78699
4686,析,CEF6,6790,E69E90
4687,西,CEF7,897F,E8A5BF
4688,硒,CEF8,7852,E7A192
4689,矽,CEF9,77FD,E79FBD
4690,晰,CEFA,6670,E699B0
4691,嘻,CEFB,563B,E598BB
4692,吸,CEFC,5438,E590B8
4693,锡,CEFD,9521,E994A1
4694,牺,CEFE,727A,E789BA
4701,稀,CFA1,7A00,E7A880
4702,息,CFA2,606F,E681AF
4703,希,CFA3,5E0C,E5B88C
4704,悉,CFA4,6089,E68289
4705,膝,CFA5,819D,E8869D
4706,夕,CFA6,5915,E5A495
4707,惜,CFA7,60DC,E6839C
4708,熄,CFA8,7184,E78684
4709,烯,CFA9,70EF,E783AF
4710,溪,CFAA,6EAA,E6BAAA
4711,汐,CFAB,6C50,E6B190
4712,犀,CFAC,7280,E78A80
4713,檄,CFAD,6A84,E6AA84
4714,袭,CFAE,88AD,E8A2AD
4715,席,CFAF,5E2D,E5B8AD
4716,习,CFB0,4E60,E4B9A0
4717,媳,CFB1,5AB3,E5AAB3
4718,喜,CFB2,559C,E5969C
4719,铣,CFB3,94E3,E993A3
4720,洗,CFB4,6D17,E6B497
4721,系,CFB5,7CFB,E7B3BB
4722,隙,CFB6,9699,E99A99
4723,戏,CFB7,620F,E6888F
4724,细,CFB8,7EC6,E7BB86
4725,瞎,CFB9,778E,E79E8E
4726,虾,CFBA,867E,E899BE
4727,匣,CFBB,5323,E58CA3
4728,霞,CFBC,971E,E99C9E
4729,辖,CFBD,8F96,E8BE96
4730,暇,CFBE,6687,E69A87
4731,峡,CFBF,5CE1,E5B3A1
4732,侠,CFC0,4FA0,E4BEA0
4733,狭,CFC1,72ED,E78BAD
4734,下,CFC2,4E0B,E4B88B
4735,厦,CFC3,53A6,E58EA6
4736,夏,CFC4,590F,E5A48F
4737,吓,CFC5,5413,E59093
4738,掀,CFC6,6380,E68E80
4739,锨,CFC7,9528,E994A8
4740,先,CFC8,5148,E58588
4741,仙,CFC9,4ED9,E4BB99
4742,鲜,CFCA,9C9C,E9B29C
4743,纤,CFCB,7EA4,E7BAA4
4744,咸,CFCC,54B8,E592B8
4745,贤,CFCD,8D24,E8B4A4
4746,衔,CFCE,8854,E8A194
4747,舷,CFCF,8237,E888B7
4748,闲,CFD0,95F2,E997B2
4749,涎,CFD1,6D8E,E6B68E
4750,弦,CFD2,5F26,E5BCA6
4751,嫌,CFD3,5ACC,E5AB8C
4752,显,CFD4,663E,E698BE
4753,险,CFD5,9669,E999A9
4754,现,CFD6,73B0,E78EB0
4755,献,CFD7,732E,E78CAE
4756,县,CFD8,53BF,E58EBF
4757,腺,CFD9,817A,E885BA
4758,馅,CFDA,9985,E9A685
4759,羡,CFDB,7FA1,E7BEA1
4760,宪,CFDC,5BAA,E5AEAA
4761,陷,CFDD,9677,E999B7
4762,限,CFDE,9650,E99990
4763,线,CFDF,7EBF,E7BABF
4764,相,CFE0,76F8,E79BB8
4765,厢,CFE1,53A2,E58EA2
4766,镶,CFE2,9576,E995B6
4767,香,CFE3,9999,E9A699
4768,箱,CFE4,7BB1,E7AEB1
4769,襄,CFE5,8944,E8A584
4770,湘,CFE6,6E58,E6B998
4771,乡,CFE7,4E61,E4B9A1
4772,翔,CFE8,7FD4,E7BF94
4773,祥,CFE9,7965,E7A5A5
4774,详,CFEA,8BE6,E8AFA6
4775,想,CFEB,60F3,E683B3
4776,响,CFEC,54CD,E5938D
4777,享,CFED,4EAB,E4BAAB
4778,项,CFEE,9879,E9A1B9
4779,巷,CFEF,5DF7,E5B7B7
4780,橡,CFF0,6A61,E6A9A1
4781,像,CFF1,50CF,E5838F
4782,向,CFF2,5411,E59091
4783,象,CFF3,8C61,E8B1A1
4784,萧,CFF4,8427,E890A7
4785,硝,CFF5,785D,E7A19D
4786,霄,CFF6,9704,E99C84
4787,削,CFF7,524A,E5898A
4788,哮,CFF8,54EE,E593AE
4789,嚣,CFF9,56A3,E59AA3
4790,销,CFFA,9500,E99480
4791,消,CFFB,6D88,E6B688
4792,宵,CFFC,5BB5,E5AEB5
4793,淆,CFFD,6DC6,E6B786
4794,晓,CFFE,6653,E69993
4801,小,D0A1,5C0F,E5B08F
4802,孝,D0A2,5B5D,E5AD9D
4803,校,D0A3,6821,E6A0A1
4804,肖,D0A4,8096,E88296
4805,啸,D0A5,5578,E595B8
4806,笑,D0A6,7B11,E7AC91
4807,效,D0A7,6548,E69588
4808,楔,D0A8,6954,E6A594
4809,些,D0A9,4E9B,E4BA9B
4810,歇,D0AA,6B47,E6AD87
4811,蝎,D0AB,874E,E89D8E
4812,鞋,D0AC,978B,E99E8B
4813,协,D0AD,534F,E58D8F
4814,挟,D0AE,631F,E68C9F
4815,携,D0AF,643A,E690BA
4816,邪,D0B0,90AA,E982AA
4817,斜,D0B1,659C,E6969C
4818,胁,D0B2,80C1,E88381
4819,谐,D0B3,8C10,E8B090
4820,写,D0B4,5199,E58699
4821,械,D0B5,68B0,E6A2B0
4822,卸,D0B6,5378,E58DB8
4823,蟹,D0B7,87F9,E89FB9
4824,懈,D0B8,61C8,E68788
4825,泄,D0B9,6CC4,E6B384
4826,泻,D0BA,6CFB,E6B3BB
4827,谢,D0BB,8C22,E8B0A2
4828,屑,D0BC,5C51,E5B191
4829,薪,D0BD,85AA,E896AA
4830,芯,D0BE,82AF,E88AAF
4831,锌,D0BF,950C,E9948C
4832,欣,D0C0,6B23,E6ACA3
4833,辛,D0C1,8F9B,E8BE9B
4834,新,D0C2,65B0,E696B0
4835,忻,D0C3,5FFB,E5BFBB
4836,心,D0C4,5FC3,E5BF83
4837,信,D0C5,4FE1,E4BFA1
4838,衅,D0C6,8845,E8A185
4839,星,D0C7,661F,E6989F
4840,腥,D0C8,8165,E885A5
4841,猩,D0C9,7329,E78CA9
4842,惺,D0CA,60FA,E683BA
4843,兴,D0CB,5174,E585B4
4844,刑,D0CC,5211,E58891
4845,型,D0CD,578B,E59E8B
4846,形,D0CE,5F62,E5BDA2
4847,邢,D0CF,90A2,E982A2
4848,行,D0D0,884C,E8A18C
4849,醒,D0D1,9192,E98692
4850,幸,D0D2,5E78,E5B9B8
4851,杏,D0D3,674F,E69D8F
4852,性,D0D4,6027,E680A7
4853,姓,D0D5,59D3,E5A793
4854,兄,D0D6,5144,E58584
4855,凶,D0D7,51F6,E587B6
4856,胸,D0D8,80F8,E883B8
4857,匈,D0D9,5308,E58C88
4858,汹,D0DA,6C79,E6B1B9
4859,雄,D0DB,96C4,E99B84
4860,熊,D0DC,718A,E7868A
4861,休,D0DD,4F11,E4BC91
4862,修,D0DE,4FEE,E4BFAE
4863,羞,D0DF,7F9E,E7BE9E
4864,朽,D0E0,673D,E69CBD
4865,嗅,D0E1,55C5,E59785
4866,锈,D0E2,9508,E99488
4867,秀,D0E3,79C0,E7A780
4868,袖,D0E4,8896,E8A296
4869,绣,D0E5,7EE3,E7BBA3
4870,墟,D0E6,589F,E5A29F
4871,戌,D0E7,620C,E6888C
4872,需,D0E8,9700,E99C80
4873,虚,D0E9,865A,E8999A
4874,嘘,D0EA,5618,E59898
4875,须,D0EB,987B,E9A1BB
4876,徐,D0EC,5F90,E5BE90
4877,许,D0ED,8BB8,E8AEB8
4878,蓄,D0EE,84C4,E89384
4879,酗,D0EF,9157,E98597
4880,叙,D0F0,53D9,E58F99
4881,旭,D0F1,65ED,E697AD
4882,序,D0F2,5E8F,E5BA8F
4883,畜,D0F3,755C,E7959C
4884,恤,D0F4,6064,E681A4
4885,絮,D0F5,7D6E,E7B5AE
4886,婿,D0F6,5A7F,E5A9BF
4887,绪,D0F7,7EEA,E7BBAA
4888,续,D0F8,7EED,E7BBAD
4889,轩,D0F9,8F69,E8BDA9
4890,喧,D0FA,55A7,E596A7
4891,宣,D0FB,5BA3,E5AEA3
4892,悬,D0FC,60AC,E682AC
4893,旋,D0FD,65CB,E6978B
4894,玄,D0FE,7384,E78E84
4901,选,D1A1,9009,E98089
4902,癣,D1A2,7663,E799A3
4903,眩,D1A3,7729,E79CA9
4904,绚,D1A4,7EDA,E7BB9A
4905,靴,D1A5,9774,E99DB4
4906,薛,D1A6,859B,E8969B
4907,学,D1A7,5B66,E5ADA6
4908,穴,D1A8,7A74,E7A9B4
4909,雪,D1A9,96EA,E99BAA
4910,血,D1AA,8840,E8A180
4911,勋,D1AB,52CB,E58B8B
4912,熏,D1AC,718F,E7868F
4913,循,D1AD,5FAA,E5BEAA
4914,旬,D1AE,65EC,E697AC
4915,询,D1AF,8BE2,E8AFA2
4916,寻,D1B0,5BFB,E5AFBB
4917,驯,D1B1,9A6F,E9A9AF
4918,巡,D1B2,5DE1,E5B7A1
4919,殉,D1B3,6B89,E6AE89
4920,汛,D1B4,6C5B,E6B19B
4921,训,D1B5,8BAD,E8AEAD
4922,讯,D1B6,8BAF,E8AEAF
4923,逊,D1B7,900A,E9808A
4924,迅,D1B8,8FC5,E8BF85
4925,压,D1B9,538B,E58E8B
4926,押,D1BA,62BC,E68ABC
4927,鸦,D1BB,9E26,E9B8A6
4928,鸭,D1BC,9E2D,E9B8AD
4929,呀,D1BD,5440,E59180
4930,丫,D1BE,4E2B,E4B8AB
4931,芽,D1BF,82BD,E88ABD
4932,牙,D1C0,7259,E78999
4933,蚜,D1C1,869C,E89A9C
4934,崖,D1C2,5D16,E5B496
4935,衙,D1C3,8859,E8A199
4936,涯,D1C4,6DAF,E6B6AF
4937,雅,D1C5,96C5,E99B85
4938,哑,D1C6,54D1,E59391
4939,亚,D1C7,4E9A,E4BA9A
4940,讶,D1C8,8BB6,E8AEB6
4941,焉,D1C9,7109,E78489
4942,咽,D1CA,54BD,E592BD
4943,阉,D1CB,9609,E99889
4944,烟,D1CC,70DF,E7839F
4945,淹,D1CD,6DF9,E6B7B9
4946,盐,D1CE,76D0,E79B90
4947,严,D1CF,4E25,E4B8A5
4948,研,D1D0,7814,E7A094
4949,蜒,D1D1,8712,E89C92
4950,岩,D1D2,5CA9,E5B2A9
4951,延,D1D3,5EF6,E5BBB6
4952,言,D1D4,8A00,E8A880
4953,颜,D1D5,989C,E9A29C
4954,阎,D1D6,960E,E9988E
4955,炎,D1D7,708E,E7828E
4956,沿,D1D8,6CBF,E6B2BF
4957,奄,D1D9,5944,E5A584
4958,掩,D1DA,63A9,E68EA9
4959,眼,D1DB,773C,E79CBC
4960,衍,D1DC,884D,E8A18D
4961,演,D1DD,6F14,E6BC94
4962,艳,D1DE,8273,E889B3
4963,堰,D1DF,5830,E5A0B0
4964,燕,D1E0,71D5,E78795
4965,厌,D1E1,538C,E58E8C
4966,砚,D1E2,781A,E7A09A
4967,雁,D1E3,96C1,E99B81
4968,唁,D1E4,5501,E59481
4969,彦,D1E5,5F66,E5BDA6
4970,焰,D1E6,7130,E784B0
4971,宴,D1E7,5BB4,E5AEB4
4972,谚,D1E8,8C1A,E8B09A
4973,验,D1E9,9A8C,E9AA8C
4974,殃,D1EA,6B83,E6AE83
4975,央,D1EB,592E,E5A4AE
4976,鸯,D1EC,9E2F,E9B8AF
4977,秧,D1ED,79E7,E7A7A7
4978,杨,D1EE,6768,E69DA8
4979,扬,D1EF,626C,E689AC
4980,佯,D1F0,4F6F,E4BDAF
4981,疡,D1F1,75A1,E796A1
4982,羊,D1F2,7F8A,E7BE8A
4983,洋,D1F3,6D0B,E6B48B
4984,阳,D1F4,9633,E998B3
4985,氧,D1F5,6C27,E6B0A7
4986,仰,D1F6,4EF0,E4BBB0
4987,痒,D1F7,75D2,E79792
4988,养,D1F8,517B,E585BB
4989,样,D1F9,6837,E6A0B7
4990,漾,D1FA,6F3E,E6BCBE
4991,邀,D1FB,9080,E98280
4992,腰,D1FC,8170,E885B0
4993,妖,D1FD,5996,E5A696
4994,瑶,D1FE,7476,E791B6
5001,摇,D2A1,6447,E69187
5002,尧,D2A2,5C27,E5B0A7
5003,遥,D2A3,9065,E981A5
5004,窑,D2A4,7A91,E7AA91
5005,谣,D2A5,8C23,E8B0A3
5006,姚,D2A6,59DA,E5A79A
5007,咬,D2A7,54AC,E592AC
5008,舀,D2A8,8200,E88880
5009,药,D2A9,836F,E88DAF
5010,要,D2AA,8981,E8A681
5011,耀,D2AB,8000,E88080
5012,椰,D2AC,6930,E6A4B0
5013,噎,D2AD,564E,E5998E
5014,耶,D2AE,8036,E880B6
5015,爷,D2AF,7237,E788B7
5016,野,D2B0,91CE,E9878E
5017,冶,D2B1,51B6,E586B6
5018,也,D2B2,4E5F,E4B99F
5019,页,D2B3,9875,E9A1B5
5020,掖,D2B4,6396,E68E96
5021,业,D2B5,4E1A,E4B89A
5022,叶,D2B6,53F6,E58FB6
5023,曳,D2B7,66F3,E69BB3
5024,腋,D2B8,814B,E8858B
5025,夜,D2B9,591C,E5A49C
5026,液,D2BA,6DB2,E6B6B2
5027,一,D2BB,4E00,E4B880
5028,壹,D2BC,58F9,E5A3B9
5029,医,D2BD,533B,E58CBB
5030,揖,D2BE,63D6,E68F96
5031,铱,D2BF,94F1,E993B1
5032,依,D2C0,4F9D,E4BE9D
5033,伊,D2C1,4F0A,E4BC8A
5034,衣,D2C2,8863,E8A1A3
5035,颐,D2C3,9890,E9A290
5036,夷,D2C4,5937,E5A4B7
5037,遗,D2C5,9057,E98197
5038,移,D2C6,79FB,E7A7BB
5039,仪,D2C7,4EEA,E4BBAA
5040,胰,D2C8,80F0,E883B0
5041,疑,D2C9,7591,E79691
5042,沂,D2CA,6C82,E6B282
5043,宜,D2CB,5B9C,E5AE9C
5044,姨,D2CC,59E8,E5A7A8
5045,彝,D2CD,5F5D,E5BD9D
5046,椅,D2CE,6905,E6A485
5047,蚁,D2CF,8681,E89A81
5048,倚,D2D0,501A,E5809A
5049,已,D2D1,5DF2,E5B7B2
5050,乙,D2D2,4E59,E4B999
5051,矣,D2D3,77E3,E79FA3
5052,以,D2D4,4EE5,E4BBA5
5053,艺,D2D5,827A,E889BA
5054,抑,D2D6,6291,E68A91
5055,易,D2D7,6613,E69893
5056,邑,D2D8,9091,E98291
5057,屹,D2D9,5C79,E5B1B9
5058,亿,D2DA,4EBF,E4BABF
5059,役,D2DB,5F79,E5BDB9
5060,臆,D2DC,81C6,E88786
5061,逸,D2DD,9038,E980B8
5062,肄,D2DE,8084,E88284
5063,疫,D2DF,75AB,E796AB
5064,亦,D2E0,4EA6,E4BAA6
5065,裔,D2E1,88D4,E8A394
5066,意,D2E2,610F,E6848F
5067,毅,D2E3,6BC5,E6AF85
5068,忆,D2E4,5FC6,E5BF86
5069,义,D2E5,4E49,E4B989
5070,益,D2E6,76CA,E79B8A
5071,溢,D2E7,6EA2,E6BAA2
5072,诣,D2E8,8BE3,E8AFA3
5073,议,D2E9,8BAE,E8AEAE
5074,谊,D2EA,8C0A,E8B08A
5075,译,D2EB,8BD1,E8AF91
5076,异,D2EC,5F02,E5BC82
5077,翼,D2ED,7FFC,E7BFBC
5078,翌,D2EE,7FCC,E7BF8C
5079,绎,D2EF,7ECE,E7BB8E
5080,茵,D2F0,8335,E88CB5
5081,荫,D2F1,836B,E88DAB
5082,因,D2F2,56E0,E59BA0
5083,殷,D2F3,6BB7,E6AEB7
5084,音,D2F4,97F3,E99FB3
5085,阴,D2F5,9634,E998B4
5086,姻,D2F6,59FB,E5A7BB
5087,吟,D2F7,541F,E5909F
5088,银,D2F8,94F6,E993B6
5089,淫,D2F9,6DEB,E6B7AB
5090,寅,D2FA,5BC5,E5AF85
5091,饮,D2FB,996E,E9A5AE
5092,尹,D2FC,5C39,E5B0B9
5093,引,D2FD,5F15,E5BC95
5094,隐,D2FE,9690,E99A90
5101,印,D3A1,5370,E58DB0
5102,英,D3A2,82F1,E88BB1
5103,樱,D3A3,6A31,E6A8B1
5104,婴,D3A4,5A74,E5A9B4
5105,鹰,D3A5,9E70,E9B9B0
5106,应,D3A6,5E94,E5BA94
5107,缨,D3A7,7F28,E7BCA8
5108,莹,D3A8,83B9,E88EB9
5109,萤,D3A9,8424,E890A4
5110,营,D3AA,8425,E890A5
5111,荧,D3AB,8367,E88DA7
5112,蝇,D3AC,8747,E89D87
5113,迎,D3AD,8FCE,E8BF8E
5114,赢,D3AE,8D62,E8B5A2
5115,盈,D3AF,76C8,E79B88
5116,影,D3B0,5F71,E5BDB1
5117,颖,D3B1,9896,E9A296
5118,硬,D3B2,786C,E7A1AC
5119,映,D3B3,6620,E698A0
5120,哟,D3B4,54DF,E5939F
5121,拥,D3B5,62E5,E68BA5
5122,佣,D3B6,4F63,E4BDA3
5123,臃,D3B7,81C3,E88783
5124,痈,D3B8,75C8,E79788
5125,庸,D3B9,5EB8,E5BAB8
5126,雍,D3BA,96CD,E99B8D
5127,踊,D3BB,8E0A,E8B88A
5128,蛹,D3BC,86F9,E89BB9
5129,咏,D3BD,548F,E5928F
5130,泳,D3BE,6CF3,E6B3B3
5131,涌,D3BF,6D8C,E6B68C
5132,永,D3C0,6C38,E6B0B8
5133,恿,D3C1,607F,E681BF
5134,勇,D3C2,52C7,E58B87
5135,用,D3C3,7528,E794A8
5136,幽,D3C4,5E7D,E5B9BD
5137,优,D3C5,4F18,E4BC98
5138,悠,D3C6,60A0,E682A0
5139,忧,D3C7,5FE7,E5BFA7
5140,尤,D3C8,5C24,E5B0A4
5141,由,D3C9,7531,E794B1
5142,邮,D3CA,90AE,E982AE
5143,铀,D3CB,94C0,E99380
5144,犹,D3CC,72B9,E78AB9
5145,油,D3CD,6CB9,E6B2B9
5146,游,D3CE,6E38,E6B8B8
5147,酉,D3CF,9149,E98589
5148,有,D3D0,6709,E69C89
5149,友,D3D1,53CB,E58F8B
5150,右,D3D2,53F3,E58FB3
5151,佑,D3D3,4F51,E4BD91
5152,釉,D3D4,91C9,E98789
5153,诱,D3D5,8BF1,E8AFB1
5154,又,D3D6,53C8,E58F88
5155,幼,D3D7,5E7C,E5B9BC
5156,迂,D3D8,8FC2,E8BF82
5157,淤,D3D9,6DE4,E6B7A4
5158,于,D3DA,4E8E,E4BA8E
5159,盂,D3DB,76C2,E79B82
5160,榆,D3DC,6986,E6A686
5161,虞,D3DD,865E,E8999E
5162,愚,D3DE,611A,E6849A
5163,舆,D3DF,8206,E88886
5164,余,D3E0,4F59,E4BD99
5165,俞,D3E1,4FDE,E4BF9E
5166,逾,D3E2,903E,E980BE
5167,鱼,D3E3,9C7C,E9B1BC
5168,愉,D3E4,6109,E68489
5169,渝,D3E5,6E1D,E6B89D
5170,渔,D3E6,6E14,E6B894
5171,隅,D3E7,9685,E99A85
5172,予,D3E8,4E88,E4BA88
5173,娱,D3E9,5A31,E5A8B1
5174,雨,D3EA,96E8,E99BA8
5175,与,D3EB,4E0E,E4B88E
5176,屿,D3EC,5C7F,E5B1BF
5177,禹,D3ED,79B9,E7A6B9
5178,宇,D3EE,5B87,E5AE87
5179,语,D3EF,8BED,E8AFAD
5180,羽,D3F0,7FBD,E7BEBD
5181,玉,D3F1,7389,E78E89
5182,域,D3F2,57DF,E59F9F
5183,芋,D3F3,828B,E88A8B
5184,郁,D3F4,90C1,E98381
5185,吁,D3F5,5401,E59081
5186,遇,D3F6,9047,E98187
5187,喻,D3F7,55BB,E596BB
5188,峪,D3F8,5CEA,E5B3AA
5189,御,D3F9,5FA1,E5BEA1
5190,愈,D3FA,6108,E68488
5191,欲,D3FB,6B32,E6ACB2
5192,狱,D3FC,72F1,E78BB1
5193,育,D3FD,80B2,E882B2
5194,誉,D3FE,8A89,E8AA89
5201,浴,D4A1,6D74,E6B5B4
5202,寓,D4A2,5BD3,E5AF93
5203,裕,D4A3,88D5,E8A395
5204,预,D4A4,9884,E9A284
5205,豫,D4A5,8C6B,E8B1AB
5206,驭,D4A6,9A6D,E9A9AD
5207,鸳,D4A7,9E33,E9B8B3
5208,渊,D4A8,6E0A,E6B88A
5209,冤,D4A9,51A4,E586A4
5210,元,D4AA,5143,E58583
5211,垣,D4AB,57A3,E59EA3
5212,袁,D4AC,8881,E8A281
5213,原,D4AD,539F,E58E9F
5214,援,D4AE,63F4,E68FB4
5215,辕,D4AF,8F95,E8BE95
5216,园,D4B0,56ED,E59BAD
5217,员,D4B1,5458,E59198
5218,圆,D4B2,5706,E59C86
5219,猿,D4B3,733F,E78CBF
5220,源,D4B4,6E90,E6BA90
5221,缘,D4B5,7F18,E7BC98
5222,远,D4B6,8FDC,E8BF9C
5223,苑,D4B7,82D1,E88B91
5224,愿,D4B8,613F,E684BF
5225,怨,D4B9,6028,E680A8
5226,院,D4BA,9662,E999A2
5227,曰,D4BB,66F0,E69BB0
5228,约,D4BC,7EA6,E7BAA6
5229,越,D4BD,8D8A,E8B68A
5230,跃,D4BE,8DC3,E8B783
5231,钥,D4BF,94A5,E992A5
5232,岳,D4C0,5CB3,E5B2B3
5233,粤,D4C1,7CA4,E7B2A4
5234,月,D4C2,6708,E69C88
5235,悦,D4C3,60A6,E682A6
5236,阅,D4C4,9605,E99885
5237,耘,D4C5,8018,E88098
5238,云,D4C6,4E91,E4BA91
5239,郧,D4C7,90E7,E983A7
5240,匀,D4C8,5300,E58C80
5241,陨,D4C9,9668,E999A8
5242,允,D4CA,5141,E58581
5243,运,D4CB,8FD0,E8BF90
5244,蕴,D4CC,8574,E895B4
5245,酝,D4CD,915D,E9859D
5246,晕,D4CE,6655,E69995
5247,韵,D4CF,97F5,E99FB5
5248,孕,D4D0,5B55,E5AD95
5249,匝,D4D1,531D,E58C9D
5250,砸,D4D2,7838,E7A0B8
5251,杂,D4D3,6742,E69D82
5252,栽,D4D4,683D,E6A0BD
5253,哉,D4D5,54C9,E59389
5254,灾,D4D6,707E,E781BE
5255,宰,D4D7,5BB0,E5AEB0
5256,载,D4D8,8F7D,E8BDBD
5257,再,D4D9,518D,E5868D
5258,在,D4DA,5728,E59CA8
5259,咱,D4DB,54B1,E592B1
5260,攒,D4DC,6512,E69492
5261,暂,D4DD,6682,E69A82
5262,赞,D4DE,8D5E,E8B59E
5263,赃,D4DF,8D43,E8B583
5264,脏,D4E0,810F,E8848F
5265,葬,D4E1,846C,E891AC
5266,遭,D4E2,906D,E981AD
5267,糟,D4E3,7CDF,E7B39F
5268,凿,D4E4,51FF,E587BF
5269,藻,D4E5,85FB,E897BB
5270,枣,D4E6,67A3,E69EA3
5271,早,D4E7,65E9,E697A9
5272,澡,D4E8,6FA1,E6BEA1
5273,蚤,D4E9,86A4,E89AA4
5274,躁,D4EA,8E81,E8BA81
5275,噪,D4EB,566A,E599AA
5276,造,D4EC,9020,E980A0
5277,皂,D4ED,7682,E79A82
5278,灶,D4EE,7076,E781B6
5279,燥,D4EF,71E5,E787A5
5280,责,D4F0,8D23,E8B4A3
5281,择,D4F1,62E9,E68BA9
5282,则,D4F2,5219,E58899
5283,泽,D4F3,6CFD,E6B3BD
5284,贼,D4F4,8D3C,E8B4BC
5285,怎,D4F5,600E,E6808E
5286,增,D4F6,589E,E5A29E
5287,憎,D4F7,618E,E6868E
5288,曾,D4F8,66FE,E69BBE
5289,赠,D4F9,8D60,E8B5A0
5290,扎,D4FA,624E,E6898E
5291,喳,D4FB,55B3,E596B3
5292,渣,D4FC,6E23,E6B8A3
5293,札,D4FD,672D,E69CAD
5294,轧,D4FE,8F67,E8BDA7
5301,铡,D5A1,94E1,E993A1
5302,闸,D5A2,95F8,E997B8
5303,眨,D5A3,7728,E79CA8
5304,栅,D5A4,6805,E6A085
5305,榨,D5A5,69A8,E6A6A8
5306,咋,D5A6,548B,E5928B
5307,乍,D5A7,4E4D,E4B98D
5308,炸,D5A8,70B8,E782B8
5309,诈,D5A9,8BC8,E8AF88
5310,摘,D5AA,6458,E69198
5311,斋,D5AB,658B,E6968B
5312,宅,D5AC,5B85,E5AE85
5313,窄,D5AD,7A84,E7AA84
5314,债,D5AE,503A,E580BA
5315,寨,D5AF,5BE8,E5AFA8
5316,瞻,D5B0,77BB,E79EBB
5317,毡,D5B1,6BE1,E6AFA1
5318,詹,D5B2,8A79,E8A9B9
5319,粘,D5B3,7C98,E7B298
5320,沾,D5B4,6CBE,E6B2BE
5321,盏,D5B5,76CF,E79B8F
5322,斩,D5B6,65A9,E696A9
5323,辗,D5B7,8F97,E8BE97
5324,崭,D5B8,5D2D,E5B4AD
5325,展,D5B9,5C55,E5B195
5326,蘸,D5BA,8638,E898B8
5327,栈,D5BB,6808,E6A088
5328,占,D5BC,5360,E58DA0
5329,战,D5BD,6218,E68898
5330,站,D5BE,7AD9,E7AB99
5331,湛,D5BF,6E5B,E6B99B
5332,绽,D5C0,7EFD,E7BBBD
5333,樟,D5C1,6A1F,E6A89F
5334,章,D5C2,7AE0,E7ABA0
5335,彰,D5C3,5F70,E5BDB0
5336,漳,D5C4,6F33,E6BCB3
5337,张,D5C5,5F20,E5BCA0
5338,掌,D5C6,638C,E68E8C
5339,涨,D5C7,6DA8,E6B6A8
5340,杖,D5C8,6756,E69D96
5341,丈,D5C9,4E08,E4B888
5342,帐,D5CA,5E10,E5B890
5343,账,D5CB,8D26,E8B4A6
5344,仗,D5CC,4ED7,E4BB97
5345,胀,D5CD,80C0,E88380
5346,瘴,D5CE,7634,E798B4
5347,障,D5CF,969C,E99A9C
5348,招,D5D0,62DB,E68B9B
5349,昭,D5D1,662D,E698AD
5350,找,D5D2,627E,E689BE
5351,沼,D5D3,6CBC,E6B2BC
5352,赵,D5D4,8D75,E8B5B5
5353,照,D5D5,7167,E785A7
5354,罩,D5D6,7F69,E7BDA9
5355,兆,D5D7,5146,E58586
5356,肇,D5D8,8087,E88287
5357,召,D5D9,53EC,E58FAC
5358,遮,D5DA,906E,E981AE
5359,折,D5DB,6298,E68A98
5360,哲,D5DC,54F2,E593B2
5361,蛰,D5DD,86F0,E89BB0
5362,辙,D5DE,8F99,E8BE99
5363,者,D5DF,8005,E88085
5364,锗,D5E0,9517,E99497
5365,蔗,D5E1,8517,E89497
5366,这,D5E2,8FD9,E8BF99
5367,浙,D5E3,6D59,E6B599
5368,珍,D5E4,73CD,E78F8D
5369,斟,D5E5,659F,E6969F
5370,真,D5E6,771F,E79C9F
5371,甄,D5E7,7504,E79484
5372,砧,D5E8,7827,E7A0A7
5373,臻,D5E9,81FB,E887BB
5374,贞,D5EA,8D1E,E8B49E
5375,针,D5EB,9488,E99288
5376,侦,D5EC,4FA6,E4BEA6
5377,枕,D5ED,6795,E69E95
5378,疹,D5EE,75B9,E796B9
5379,诊,D5EF,8BCA,E8AF8A
5380,震,D5F0,9707,E99C87
5381,振,D5F1,632F,E68CAF
5382,镇,D5F2,9547,E99587
5383,阵,D5F3,9635,E998B5
5384,蒸,D5F4,84B8,E892B8
5385,挣,D5F5,6323,E68CA3
5386,睁,D5F6,7741,E79D81
5387,征,D5F7,5F81,E5BE81
5388,狰,D5F8,72F0,E78BB0
5389,争,D5F9,4E89,E4BA89
5390,怔,D5FA,6014,E68094
5391,整,D5FB,6574,E695B4
5392,拯,D5FC,62EF,E68BAF
5393,正,D5FD,6B63,E6ADA3
5394,政,D5FE,653F,E694BF
5401,帧,D6A1,5E27,E5B8A7
5402,症,D6A2,75C7,E79787
5403,郑,D6A3,90D1,E98391
5404,证,D6A4,8BC1,E8AF81
5405,芝,D6A5,829D,E88A9D
5406,枝,D6A6,679D,E69E9D
5407,支,D6A7,652F,E694AF
5408,吱,D6A8,5431,E590B1
5409,蜘,D6A9,8718,E89C98
5410,知,D6AA,77E5,E79FA5
5411,肢,D6AB,80A2,E882A2
5412,脂,D6AC,8102,E88482
5413,汁,D6AD,6C41,E6B181
5414,之,D6AE,4E4B,E4B98B
5415,织,D6AF,7EC7,E7BB87
5416,职,D6B0,804C,E8818C
5417,直,D6B1,76F4,E79BB4
5418,植,D6B2,690D,E6A48D
5419,殖,D6B3,6B96,E6AE96
5420,执,D6B4,6267,E689A7
5421,值,D6B5,503C,E580BC
5422,侄,D6B6,4F84,E4BE84
5423,址,D6B7,5740,E59D80
5424,指,D6B8,6307,E68C87
5425,止,D6B9,6B62,E6ADA2
5426,趾,D6BA,8DBE,E8B6BE
5427,只,D6BB,53EA,E58FAA
5428,旨,D6BC,65E8,E697A8
5429,纸,D6BD,7EB8,E7BAB8
5430,志,D6BE,5FD7,E5BF97
5431,挚,D6BF,631A,E68C9A
5432,掷,D6C0,63B7,E68EB7
5433,至,D6C1,81F3,E887B3
5434,致,D6C2,81F4,E887B4
5435,置,D6C3,7F6E,E7BDAE
5436,帜,D6C4,5E1C,E5B89C
5437,峙,D6C5,5CD9,E5B399
5438,制,D6C6,5236,E588B6
5439,智,D6C7,667A,E699BA
5440,秩,D6C8,79E9,E7A7A9
5441,稚,D6C9,7A1A,E7A89A
5442,质,D6CA,8D28,E8B4A8
5443,炙,D6CB,7099,E78299
5444,痔,D6CC,75D4,E79794
5445,滞,D6CD,6EDE,E6BB9E
5446,治,D6CE,6CBB,E6B2BB
5447,窒,D6CF,7A92,E7AA92
5448,中,D6D0,4E2D,E4B8AD
5449,盅,D6D1,76C5,E79B85
5450,忠,D6D2,5FE0,E5BFA0
5451,钟,D6D3,949F,E9929F
5452,衷,D6D4,8877,E8A1B7
5453,终,D6D5,7EC8,E7BB88
5454,种,D6D6,79CD,E7A78D
5455,肿,D6D7,80BF,E882BF
5456,重,D6D8,91CD,E9878D
5457,仲,D6D9,4EF2,E4BBB2
5458,众,D6DA,4F17,E4BC97
5459,舟,D6DB,821F,E8889F
5460,周,D6DC,5468,E591A8
5461,州,D6DD,5DDE,E5B79E
5462,洲,D6DE,6D32,E6B4B2
5463,诌,D6DF,8BCC,E8AF8C
5464,粥,D6E0,7CA5,E7B2A5
5465,轴,D6E1,8F74,E8BDB4
5466,肘,D6E2,8098,E88298
5467,帚,D6E3,5E1A,E5B89A
5468,咒,D6E4,5492,E59292
5469,皱,D6E5,76B1,E79AB1
5470,宙,D6E6,5B99,E5AE99
5471,昼,D6E7,663C,E698BC
5472,骤,D6E8,9AA4,E9AAA4
5473,珠,D6E9,73E0,E78FA0
5474,株,D6EA,682A,E6A0AA
5475,蛛,D6EB,86DB,E89B9B
5476,朱,D6EC,6731,E69CB1
5477,猪,D6ED,732A,E78CAA
5478,诸,D6EE,8BF8,E8AFB8
5479,诛,D6EF,8BDB,E8AF9B
5480,逐,D6F0,9010,E98090
5481,竹,D6F1,7AF9,E7ABB9
5482,烛,D6F2,70DB,E7839B
5483,煮,D6F3,716E,E785AE
5484,拄,D6F4,62C4,E68B84
5485,瞩,D6F5,77A9,E79EA9
5486,嘱,D6F6,5631,E598B1
5487,主,D6F7,4E3B,E4B8BB
5488,著,D6F8,8457,E89197
5489,柱,D6F9,67F1,E69FB1
5490,助,D6FA,52A9,E58AA9
5491,蛀,D6FB,86C0,E89B80
5492,贮,D6FC,8D2E,E8B4AE
5493,铸,D6FD,94F8,E993B8
5494,筑,D6FE,7B51,E7AD91
5501,住,D7A1,4F4F,E4BD8F
5502,注,D7A2,6CE8,E6B3A8
5503,祝,D7A3,795D,E7A59D
5504,驻,D7A4,9A7B,E9A9BB
5505,抓,D7A5,6293,E68A93
5506,爪,D7A6,722A,E788AA
5507,拽,D7A7,62FD,E68BBD
5508,专,D7A8,4E13,E4B893
5509,砖,D7A9,7816,E7A096
5510,转,D7AA,8F6C,E8BDAC
5511,撰,D7AB,64B0,E692B0
5512,赚,D7AC,8D5A,E8B59A
5513,篆,D7AD,7BC6,E7AF86
5514,桩,D7AE,6869,E6A1A9
5515,庄,D7AF,5E84,E5BA84
5516,装,D7B0,88C5,E8A385
5517,妆,D7B1,5986,E5A686
5518,撞,D7B2,649E,E6929E
5519,壮,D7B3,58EE,E5A3AE
5520,状,D7B4,72B6,E78AB6
5521,椎,D7B5,690E,E6A48E
5522,锥,D7B6,9525,E994A5
5523,追,D7B7,8FFD,E8BFBD
5524,赘,D7B8,8D58,E8B598
5525,坠,D7B9,5760,E59DA0
5526,缀,D7BA,7F00,E7BC80
5527,谆,D7BB,8C06,E8B086
5528,准,D7BC,51C6,E58786
5529,捉,D7BD,6349,E68D89
5530,拙,D7BE,62D9,E68B99
5531,卓,D7BF,5353,E58D93
5532,桌,D7C0,684C,E6A18C
5533,琢,D7C1,7422,E790A2
5534,茁,D7C2,8301,E88C81
5535,酌,D7C3,914C,E9858C
5536,啄,D7C4,5544,E59584
5537,着,D7C5,7740,E79D80
5538,灼,D7C6,707C,E781BC
5539,浊,D7C7,6D4A,E6B58A
5540,兹,D7C8,5179,E585B9
5541,咨,D7C9,54A8,E592A8
5542,资,D7CA,8D44,E8B584
5543,姿,D7CB,59FF,E5A7BF
5544,滋,D7CC,6ECB,E6BB8B
5545,淄,D7CD,6DC4,E6B784
5546,孜,D7CE,5B5C,E5AD9C
5547,紫,D7CF,7D2B,E7B4AB
5548,仔,D7D0,4ED4,E4BB94
5549,籽,D7D1,7C7D,E7B1BD
5550,滓,D7D2,6ED3,E6BB93
5551,子,D7D3,5B50,E5AD90
5552,自,D7D4,81EA,E887AA
5553,渍,D7D5,6E0D,E6B88D
5554,字,D7D6,5B57,E5AD97
5555,鬃,D7D7,9B03,E9AC83
5556,棕,D7D8,68D5,E6A395
5557,踪,D7D9,8E2A,E8B8AA
5558,宗,D7DA,5B97,E5AE97
5559,综,D7DB,7EFC,E7BBBC
5560,总,D7DC,603B,E680BB
5561,纵,D7DD,7EB5,E7BAB5
5562,邹,D7DE,90B9,E982B9
5563,走,D7DF,8D70,E8B5B0
5564,奏,D7E0,594F,E5A58F
5565,揍,D7E1,63CD,E68F8D
5566,租,D7E2,79DF,E7A79F
5567,足,D7E3,8DB3,E8B6B3
5568,卒,D7E4,5352,E58D92
5569,族,D7E5,65CF,E6978F
5570,祖,D7E6,7956,E7A596
5571,诅,D7E7,8BC5,E8AF85
5572,阻,D7E8,963B,E998BB
5573,组,D7E9,7EC4,E7BB84
5574,钻,D7EA,94BB,E992BB
5575,纂,D7EB,7E82,E7BA82
5576,嘴,D7EC,5634,E598B4
5577,醉,D7ED,9189,E98689
5578,最,D7EE,6700,E69C80
5579,罪,D7EF,7F6A,E7BDAA
5580,尊,D7F0,5C0A,E5B08A
5581,遵,D7F1,9075,E981B5
5582,昨,D7F2,6628,E698A8
5583,左,D7F3,5DE6,E5B7A6
5584,佐,D7F4,4F50,E4BD90
5585,柞,D7F5,67DE,E69F9E
5586,做,D7F6,505A,E5819A
5587,作,D7F7,4F5C,E4BD9C
5588,坐,D7F8,5750,E59D90
5589,座,D7F9,5EA7,E5BAA7
